"","X","length","radius","unmodradius","surfacecoverage","parent","extension","branch","added","numlayers","meanpointdist","mad","x","y","z","dx","dy","dz","damage_hol","damage_rot","vol_cyl","vol_cyl_d_hol","vol_cyl_d_rot","col_cyl_d_all"
"1",0,0.35074288,0.10280584,0.10280584,0.285,4294967295,1,0,0,4,0.0364652,-8.5995e-05,33.882957,47.904045,116.24864,-0.2753877,-0.28635845,0.91769296,0,7.86910001744395,0.0116459335641874,0,0.000916430160130982,0.000916430160130982
"2",1,0.182319,0.098461725,0.098461725,0.37,0,2,0,0,4,0.011171006,-0.00073260284,33.785435,47.80412,116.5704,0.1193041,-0.004456642,0.9928478,0,7.39144648729613,0.00555285947561334,0,0.000410436636654712,0.000410436636654712
"3",2,0.20794764,0.08744021,0.08744021,0.37,1,3,0,0,4,0.009604511,-0.00019349728,33.810936,47.786144,116.749916,0.0636179,0.1461299,0.9872177,0,6.17958502706149,0.00499489372776863,0,0.000308663704918824,0.000308663704918824
"4",3,0.16698335,0.09754222,0.09754222,0.49,2,4,0,0,4,0.015091386,-0.0004416756,33.827927,47.7896,116.958954,-0.2676951,0.14910786,0.95189613,0,7.29034308436168,0.00499123839620531,0,0.000363878403241759,0.000363878403241759
"5",4,0.16316159,0.11173283,0.11173283,0.3425,3,5,0,0,3,0.009735908,-0.00013896996,33.780575,47.81574,117.11697,-0.097260274,0.13663198,0.98583573,0,8.85065973377151,0.00639925474592053,0,0.000566376263058651,0.000566376263058651
"6",5,0.17007229,0.060906544,0.060906544,0.3225,4,6,0,0,4,0.010328924,0.0002523766,33.682735,47.826977,117.27126,-0.3004031,0.0031177502,0.9538073,0,3.26209798248205,0.00198203512434168,0,6.46559278032353e-05,6.46559278032353e-05
"7",6,0.19196437,0.0948023,0.0948023,0.3375,5,7,0,0,4,0.010185969,-0.0007743204,33.669716,47.811447,117.445526,-0.24424554,-0.17050092,0.9546064,0,6.98907747322509,0.00542011184536881,0,0.000378815816008276,0.000378815816008276
"8",7,0.23202184,0.088942274,0.088942274,0.485,6,8,0,0,4,0.0073366594,-0.00033801977,33.624813,47.775284,117.62867,-0.4029881,-0.062426906,0.91307366,0,6.3447432174197,0.00576627296281191,0,0.000365855212705915,0.000365855212705915
"9",8,0.14763837,0.086137824,0.086137824,0.4525,7,9,0,0,4,0.010530951,-0.00016698427,33.499695,47.730637,117.82451,-0.07420707,0.18634449,0.97967803,0,6.03638226412472,0.00344141389120127,0,0.000207736897763598,0.000207736897763598
"10",9,0.17667937,0.06949159,0.06993936,0.3175,8,10,0,0,3,0.009421797,-0.000779508,33.47248,47.765617,117.96649,-0.1378806,-0.16268873,0.97699606,0,4.2060595323907,0.00268040371994393,0,0.000112739376169256,0.000112739376169256
"11",10,0.23146924,0.06420532,0.059456166,0.3425,9,11,0,0,4,0.0076017147,5.4383392e-05,33.46263,47.73862,118.14145,-0.44922176,-0.20714168,0.8690755,0,3.62481213750946,0.00299767943184147,0,0.000108660247889014,0.000108660247889014
"12",11,0.17533961,0.062403016,0.059283257,0.265,10,12,0,0,4,0.012285616,-0.00019939989,33.354534,47.68892,118.340065,-0.38129652,-0.2576569,0.8878209,0,3.42664130915903,0.00214506802437926,0,7.35037870329412e-05,7.35037870329412e-05
"13",12,0.1618483,0.05687434,0.050843343,0.3925,11,13,0,0,4,0.020988643,-0.00030084944,33.297005,47.638775,118.4983,-0.20882651,0.07374923,0.975168,0,2.81874036536644,0.00164471538377474,0,4.636025641785e-05,4.636025641785e-05
"14",13,0.1616752,0.052237164,0.046384986,0.485,12,14,0,0,4,0.0063917567,9.25735e-05,33.267002,47.645287,118.65735,0.036241643,0.057571363,0.99768335,0,2.3088635581648,0.00138596563134619,0,3.20000553908409e-05,3.20000553908409e-05
"15",14,0.19245131,0.05321586,0.05436921,0.645,13,15,0,0,4,0.0060773054,-0.00024994113,33.27038,47.65537,118.818695,0.016570877,0.063250795,0.99786013,0,2.41647525797973,0.00171219377730628,0,4.13747389972747e-05,4.13747389972747e-05
"16",15,0.1671377,0.050934196,0.055835474,0.5325,14,16,0,0,4,0.01567982,-0.00031595162,33.273388,47.665318,119.01088,-0.03131409,-0.030697849,0.9990381,0,2.16559680190497,0.00136220730387303,0,2.94999178079904e-05,2.94999178079904e-05
"17",16,0.16852605,0.037936702,0.026723336,0.2225,15,17,0,0,4,0.035088807,0.0009348907,33.277355,47.665234,119.1783,0.12875159,0.09889517,0.9867334,0,0.736468224007025,0.000761966820525491,0,5.61164351064688e-06,5.61164351064688e-06
"18",17,0.14559163,0.03400387,0.03596093,0.1825,16,18,0,0,3,0.007607784,3.342555e-09,33.300392,47.6703,119.34558,0.15542641,0.46617442,0.8709329,0,0.304036972007867,0.00052886274558454,0,1.6079382777529e-06,1.6079382777529e-06
"19",18,0.17930944,0.026880117,0.019858293,0.27,17,19,0,0,4,0.0092252875,0.0001576549,33.314396,47.749546,119.467834,-0.30718076,0.041357394,0.9507521,0,0,0.000407019612373638,0,0,0
"20",19,0.20907128,0.020275334,0.019625576,0.2225,18,20,0,0,4,0.008238243,8.182451e-05,33.251442,47.765396,119.6354,0.018209426,0.22230826,0.97480637,0,0,0.000270010271273644,0,0,0
"21",20,0.14814834,0.013515888,0.028640086,0.1225,19,21,0,0,3,0.010620123,-0.00024200954,33.246056,47.81057,119.83967,0.1384018,0.36558676,0.92042994,0,0,8.50228837333164e-05,0,0,0
"22",21,0.01,0.0079964325,0.005,0.05,20,22,0,0,5,0.061897527,0.005,33.169216,47.97237,119.97841,-0.5967025,0.3928908,0.6997021,0,0,2.00882647704306e-06,0,0,0
"23",22,0.01,0.0075326315,0.005,0.05,21,4294967295,0,0,5,0.43414998,0.005,33.10822,47.999355,120.04105,-0.06583726,-0.30498275,-0.9500795,0,0,1.78255655188889e-06,0,0,0
"24",23,0.14561859,0.030284517,0.070167534,0.18,17,24,1,0,4,0.039152976,-0.0002427885,33.267357,47.669235,119.33759,-0.13480718,-0.33319327,0.9331717,0,0,0.000419573448619934,0,0,0
"25",24,0.15456146,0.030160237,0.04215313,0.35,23,25,1,0,4,0.017313804,-0.00021751574,33.234596,47.590916,119.46541,-0.078065306,-0.20317218,0.9760261,0,0,0.000441693068567719,0,0,0
"26",25,0.1801203,0.027799353,0.02056366,0.2775,24,26,1,0,4,0.008171696,-0.00018889603,33.229668,47.564426,119.61786,-0.042865504,-0.15538745,0.9869231,0,0,0.000437302450428611,0,0,0
"27",26,0.123582534,0.027261466,0.025878798,0.22,25,27,1,0,4,0.011594112,1.904978e-10,33.21752,47.540493,119.79607,0.060222704,-0.06639623,0.99597424,0,0,0.000288539571002782,0,0,0
"28",27,0.17693427,0.02552948,0.016951665,0.16,26,28,1,0,4,0.008017299,0.00014068981,33.224964,47.532288,119.91915,-0.39534512,0.19225024,0.8981883,0,0,0.000362281176229357,0,0,0
"29",28,0.129557,0.02410022,0.022004493,0.1525,27,29,1,0,4,0.006686952,-1.5267582e-11,33.155014,47.566303,120.07807,-0.2692841,-0.48867348,0.82987005,0,0,0.000236402883683135,0,0,0
"30",29,0.112920634,0.02240296,0.020484243,0.1225,28,30,1,0,4,0.044576276,-1.3874806e-09,33.102604,47.52566,120.19325,-0.074219294,-0.25505492,0.96407384,0,0,0.000178046724103051,0,0,0
"31",30,0.13735303,0.02055326,0.021568777,0.18,29,31,1,0,4,0.016427115,-3.62181e-09,33.09835,47.47167,120.29577,-0.041270588,-0.21485145,0.9757744,0,0,0.000182284419406576,0,0,0
"32",31,0.14286077,0.018404048,0.025101865,0.185,30,32,1,0,4,0.009544983,-5.034176e-10,33.099087,47.450256,120.43185,-0.2145522,-0.026995927,0.97633934,0,0,0.000152016095594433,0,0,0
"33",32,0.15606236,0.014665915,0.013415704,0.195,31,33,1,0,4,0.006983403,-6.040279e-05,33.09162,47.446598,120.57643,0.048789058,0.026227785,0.99846464,0,0,0.000105454804282707,0,0,0
"34",33,0.37903678,0.010894035,0.012208884,0.0375,32,34,1,0,3,0.27396208,-9.313226e-10,32.91649,47.476677,120.7405,0.98923916,-0.12870082,0.069583796,0,0,0.000141321669433347,0,0,0
"35",34,0.0808161,0.0073571047,0.015699325,0.055,33,4294967295,1,0,4,0.25453094,1.2276525e-09,33.288975,47.416965,120.78179,0.95952624,0.26801407,0.086474426,0,0,1.37423699086766e-05,0,0,0
"36",35,0.23609425,0.010313195,0.011870297,0.025,23,36,32,0,3,0.03618244,1.1175871e-09,33.240738,47.657288,119.32948,-0.8924767,-0.21974225,-0.3939526,0,0,7.88899610383342e-05,0,0,0
"37",36,0.09138613,0.009855925,0.009499526,0.04,35,37,32,0,3,0.004967961,-8.1490725e-10,33.035355,47.611797,119.23653,-0.39442608,0.23438485,-0.8885336,0,0,2.78884860601706e-05,0,0,0
"38",37,0.09024698,0.009555255,0.010099689,0.065,36,4294967295,32,0,3,0.011787813,1.3969839e-09,33.00729,47.63645,119.15264,-0.5834885,0.3071304,-0.7518058,0,0,2.5886129139486e-05,0,0,0
"39",38,0.23694754,0.015665969,0.011660704,0.035,24,39,33,0,3,0.02128848,-7.3175344e-10,33.210552,47.58673,119.447685,-0.8646791,-0.25707415,-0.43155873,0,0,0.000182690768434547,0,0,0
"40",39,0.11529238,0.015001016,0.022276042,0.0475,38,40,33,0,3,0.004942773,1.1764074e-09,32.999874,47.535778,119.35228,-0.07080652,-0.29444262,-0.9530425,0,0,8.15064214366673e-05,0,0,0
"41",40,0.13718268,0.013302155,0.014718724,0.1,39,41,33,0,4,0.005805264,1.5599653e-09,33.000717,47.502056,119.24166,-0.28858545,-0.49283102,-0.8208752,0,0,7.62593613288834e-05,0,0,0
"42",41,0.08371834,0.011903855,0.015064815,0.05,40,4294967295,33,0,3,0.0059735086,-4.656613e-10,32.967422,47.424652,119.13272,-0.35596043,-0.05745854,-0.93273294,0,0,3.72688281465042e-05,0,0,0
"43",42,0.24921152,0.021146325,0.03140232,0.0775,24,43,34,0,4,0.037908897,-2.403413e-10,33.25583,47.572266,119.45487,0.082443856,-0.8608694,-0.5021024,0,0,0.00035009651853163,0,0,0
"44",43,0.105959,0.01981444,0.014332539,0.085,42,44,34,0,3,0.0058090272,-1.0956737e-09,33.282314,47.34338,119.34834,0.119993456,-0.99119705,0.055946544,0,0,0.000130692699657743,0,0,0
"45",44,0.1179477,0.018657781,0.01195676,0.0775,43,45,34,0,4,0.0051828898,2.403413e-10,33.296116,47.23938,119.37012,-0.03166309,-0.9986002,-0.042368386,0,0,0.00012899097678313,0,0,0
"46",45,0.076779835,0.017109439,0.013070609,0.0675,44,46,34,0,3,0.00659277,4.1392115e-10,33.294605,47.121586,119.36369,0.1643533,-0.98120105,0.10115577,0,0,7.06103861642242e-05,0,0,0
"47",46,0.09603785,0.015297214,0.010308669,0.0775,45,47,34,0,3,0.0062662414,-4.2059728e-10,33.296642,47.04464,119.373055,0.34132057,-0.93359697,0.10907323,0,0,7.06019971323704e-05,0,0,0
"48",47,0.15720214,0.013003033,0.019134369,0.1,46,48,34,0,4,0.010651473,-4.1211026e-09,33.361885,46.962353,119.345055,-0.4038137,-0.43019104,0.8073847,0,0,8.35021496540188e-05,0,0,0
"49",48,0.07441729,0.009840036,0.013225073,0.0825,47,49,34,0,4,0.0049068206,4.5155035e-10,33.308918,46.897266,119.47859,-0.48800376,-0.12210346,0.86425877,0,0,2.26369075879774e-05,0,0,0
"50",49,0.06453024,0.007573949,0.015667345,0.095,48,4294967295,34,0,3,0.008746023,1.9606792e-09,33.27696,46.88342,119.54469,-0.42267138,0.09523407,0.90126544,0,0,1.16294159940633e-05,0,0,0
"51",50,0.21791905,0.009423498,0.007837374,0.0425,24,51,35,0,3,0.026268864,5.478368e-11,33.210403,47.574196,119.45871,-0.5869814,-0.7897606,-0.17813201,0,0,6.07952089011523e-05,0,0,0
"52",51,0.12515454,0.008102733,0.010589247,0.0675,50,4294967295,35,0,3,0.0077972924,2.0696057e-10,33.07418,47.40483,119.416855,-0.16907197,-0.9573125,0.23445135,0,0,2.58142515456391e-05,0,0,0
"53",52,0.121988595,0.022343654,0.020409567,0.0625,25,53,36,0,3,0.021497553,1.0430813e-09,33.2167,47.543175,119.605484,-0.46590564,-0.8704577,0.15885635,0,0,0.000191327544197689,0,0,0
"54",53,0.13864054,0.021451378,0.021159692,0.045,52,54,36,0,3,0.010408204,-8.278423e-10,33.159866,47.43699,119.62486,-0.18192932,0.089176185,0.9792596,0,0,0.000200424360001395,0,0,0
"55",54,0.16592698,0.020922609,0.025043495,0.0775,53,4294967295,36,0,4,0.03549136,4.806826e-10,33.134644,47.449352,119.76063,-0.2900027,-0.61006457,0.7373734,0,0,0.000228191025237066,0,0,0
"56",55,0.2741264,0.020744715,0.018877853,0.135,25,56,37,0,4,0.03537804,3.1044087e-10,33.253246,47.553146,119.6084,0.7428689,-0.66919845,-0.017867928,0,0,0.00037060876026507,0,0,0
"57",56,0.14806046,0.01983217,0.019791676,0.1175,55,57,37,0,4,0.015247014,9.115072e-10,33.462658,47.384827,119.64243,0.32661602,-0.9415363,0.082652375,0,0,0.000182948747283935,0,0,0
"58",57,0.1408877,0.017892094,0.014947394,0.1525,56,58,37,0,4,0.0064603603,9.97451e-05,33.51195,47.24596,119.65709,0.34446287,-0.9161759,0.2048582,0,0,0.000141691988212798,0,0,0
"59",58,0.10425217,0.015273516,0.012140453,0.1125,57,59,37,0,4,0.0061255624,-1.5969672e-05,33.55835,47.115673,119.68412,0.46225485,-0.8793197,-0.11453002,0,0,7.64034596813447e-05,0,0,0
"60",59,0.11580816,0.012624642,0.018508155,0.0875,58,60,37,0,4,0.0064956653,8.7810414e-10,33.60045,47.02162,119.665855,0.46883214,-0.88328063,-0.003425739,0,0,5.798653755549e-05,0,0,0
"61",60,0.07973242,0.010052407,0.020055536,0.0675,59,61,37,0,4,0.0076822704,-1.4832174e-09,33.637386,46.91013,119.66277,0.5498203,-0.78224516,-0.2928994,0,0,2.53119116716088e-05,0,0,0
"62",61,0.08490415,0.007826261,0.020773772,0.04,60,62,37,0,4,0.022401415,8.1490725e-10,33.698246,46.8526,119.65845,-0.061059132,-0.72008437,-0.6911948,0,0,1.63375694064454e-05,0,0,0
"63",62,0.015230253,0.006378749,0.005,0.05,61,4294967295,37,0,3,0.0033014447,0.005,33.689396,46.816307,119.5742,0.46236467,-0.2093916,-0.8616113,0,0,1.94682994174229e-06,0,0,0
"64",63,0.17620446,0.020934643,0.020934643,0.03,27,4294967295,39,0,4,0.1692793,5.432715e-10,33.233116,47.509476,119.92721,0.33424303,-0.9204835,0.20246394,0,0,0.000242603961392164,0,0,0
"65",64,0.08202824,0.007231972,0.005,0.05,28,65,41,0,3,0.01188353,0.005,33.15822,47.54528,120.066734,-0.1778804,-0.7493299,0.6378582,0,0,1.34780399133314e-05,0,0,0
"66",65,0.072469704,0.0053347955,0.009933832,0.0475,64,4294967295,41,0,3,0.09860904,6.127122e-10,33.195263,47.348736,120.09261,-0.38134414,-0.6190902,0.68651587,0,0,6.47950624062633e-06,0,0,0
"67",66,0.084469385,0.010349333,0.014153662,0.0425,33,4294967295,43,0,4,0.17119929,6.026205e-10,32.91618,47.469746,120.7321,0.5286061,-0.84875035,-0.014090141,0,0,2.84232625645385e-05,0,0,0
"68",67,0.18400615,0.010349333,0.011694918,0.045,33,68,44,0,3,0.33522436,3.1044087e-10,32.915535,47.47514,120.75124,0.8589623,-0.11605413,0.49871352,0,0,6.19165762239166e-05,0,0,0
"69",68,0.01,0.00669613,0.005,0.05,67,69,44,0,3,0.21025297,0.005,33.064396,47.46204,120.86318,0.5149974,0.41382805,0.75068235,0,0,1.40863224559135e-06,0,0,0
"70",69,0.085607216,0.010349333,0.019458085,0.06,68,70,44,0,4,0.37911466,-1.2805685e-09,33.169773,47.575455,121.02068,0.5133811,-0.49168018,0.7033424,0,0,2.88061334622853e-05,0,0,0
"71",70,0.01,0.005,0.005,0.05,69,4294967295,44,0,3,0.5356275,0.005,33.23257,47.575848,121.071724,-0.8095499,-0.036513504,0.5859144,0,0,7.85398163397448e-07,0,0,0
"72",71,0.100536615,0.008553542,0.007743823,0.04,39,72,153,0,3,0.08635816,-8.9878544e-05,32.98814,47.52932,119.35903,-0.9247177,-0.36175203,0.11845918,0,0,2.310819990336e-05,0,0,0
"73",72,0.099851176,0.008346858,0.008632716,0.0675,71,73,153,0,3,0.11790554,4.656613e-10,32.89413,47.49558,119.36554,-0.7502086,-0.6527888,0.10513694,0,0,2.1854914268651e-05,0,0,0
"74",73,0.095651604,0.008047927,0.008222201,0.065,72,74,153,0,3,0.06855579,-4.298412e-10,32.817814,47.4318,119.37471,-0.86554086,-0.49891335,0.04386928,0,0,1.94630181065137e-05,0,0,0
"75",74,0.09104048,0.007911198,0.009417577,0.07,73,4294967295,153,0,3,0.11189793,1.3304609e-10,32.731804,47.389046,119.37187,-0.7482282,-0.5560697,0.361858,0,0,1.79006548857588e-05,0,0,0
"76",75,0.12663613,0.0050000004,0.005,0.05,43,4294967295,81,0,0,0.10291427,0.005,33.289295,47.343178,119.3298,0.4335344,-0.4768216,-0.7646496,0,0,9.94597998353266e-06,0,0,0
"77",76,0.11722359,0.0050000004,0.005,0.05,48,4294967295,154,0,0,0.016529879,0.005,33.315155,46.892918,119.47235,0.68364364,-0.4172543,-0.59877396,0,0,9.20672070236068e-06,0,0,0
"78",77,0.15610889,0.0064504878,0.005,0.05,54,78,155,0,3,0.1151599,0.005,33.121822,47.43945,119.74739,-0.68413836,-0.7202061,-0.11514305,0,0,2.04062228326262e-05,0,0,0
"79",78,0.10904253,0.0051785214,0.009165504,0.03,77,4294967295,155,0,3,0.10498184,-3.880511e-11,33.023735,47.31532,119.72874,-0.6328178,-0.47577658,0.6108831,0,0,9.18665364018116e-06,0,0,0
"80",79,0.13538896,0.0050000004,0.005,0.05,56,4294967295,84,0,0,0.01823091,0.005,33.45412,47.380344,119.6251,-0.25256822,-0.49493676,-0.8314126,0,0,1.0633425754177e-05,0,0,0
"81",80,0.19109972,0.018758127,0.0123288045,0.0575,56,81,85,0,3,0.044664457,1.2147686e-10,33.47156,47.390564,119.62566,0.81569964,0.16747963,-0.5537008,0,0,0.00021124618141414,0,0,0
"82",81,0.14827763,0.017841296,0.025151562,0.0625,80,82,85,0,4,0.011372919,2.6822091e-09,33.63196,47.4147,119.53175,0.8892699,-0.17386119,-0.42305022,0,0,0.000148278541520799,0,0,0
"83",82,0.11326876,0.015898379,0.01698081,0.0325,81,83,85,0,3,0.013725457,2.149206e-10,33.831043,47.274395,119.40195,-0.46234828,-0.1238612,-0.87800485,0,0,8.99426565133836e-05,0,0,0
"84",83,0.13914007,0.013459487,0.014837887,0.09,82,84,85,0,3,0.11497116,3.1044087e-10,33.80274,47.284443,119.28643,-0.9045165,-0.3017157,-0.3013593,0,0,7.91879508551432e-05,0,0,0
"85",84,0.12264111,0.009111138,0.014663949,0.115,83,4294967295,85,0,4,0.1439828,-3.0369215e-10,33.676586,47.26622,119.22161,-0.366505,0.6896191,-0.6245795,0,0,3.19838834760659e-05,0,0,0
"86",85,0.11238442,0.013404636,0.009909636,0.03,57,86,86,0,3,0.010750387,3.1044087e-10,33.507717,47.257164,119.6438,-0.16547355,-0.10614067,-0.9804859,0,0,6.34404174262685e-05,0,0,0
"87",86,0.063214205,0.012026812,0.016535401,0.0425,85,87,86,0,3,0.006215533,4.3826945e-10,33.477573,47.247383,119.53107,0.012104896,-0.71766496,-0.69628334,0,0,2.87253677716647e-05,0,0,0
"88",87,0.08230555,0.010028999,0.012947973,0.0275,86,4294967295,86,0,3,0.041796636,-1.6933138e-10,33.46281,47.180088,119.509384,0.63723856,0.0983041,-0.76437116,0,0,2.60072342908728e-05,0,0,0
"89",88,0.15744184,0.01699749,0.018054703,0.05,57,89,87,0,3,0.011648873,1.3038516e-09,33.52833,47.250957,119.65191,0.80412024,0.10757786,-0.5846517,0,0,0.000142902431371577,0,0,0
"90",89,0.055465344,0.016186215,0.016186215,0.05,88,4294967295,87,0,3,0.0072910925,6.519258e-10,33.664364,47.256416,119.561,-0.044863537,0.0540313,-0.99753094,0,0,4.56522506573591e-05,0,0,0
"91",90,0.071070686,0.01450984,0.016250096,0.0225,58,91,88,0,3,0.01567299,-2.0696057e-10,33.566658,47.118412,119.69664,0.53819615,0.023992589,0.842478,0,0,4.70073346552588e-05,0,0,0
"92",91,0.022079924,0.0074955947,0.005,0.05,90,92,88,0,3,0.05124228,0.005,33.578415,47.14753,119.7756,0.92016065,-0.1480619,0.3624666,0,0,3.89726231262424e-06,0,0,0
"93",92,0.067489564,0.01450984,0.015070535,0.0425,91,4294967295,88,0,4,0.06940224,-1.5887267e-09,33.776302,47.07278,119.856606,-0.3233378,-0.22722805,0.9185968,0,0,4.46387209585328e-05,0,0,0
"94",93,0.094507314,0.007434948,0.013022892,0.0375,61,94,89,0,3,0.009420442,0,33.699696,46.859474,119.661896,0.5167405,0.84328556,0.14781313,0,0,1.64123648838079e-05,0,0,0
"95",94,0.01,0.005858099,0.005,0.05,93,95,89,0,3,0.026165988,0.005,33.762577,46.942455,119.6669,0.7560176,0.38554528,0.5289539,0,0,1.07811052635627e-06,0,0,0
"96",95,0.1179279,0.007434948,0.01889652,0.12,94,4294967295,89,0,4,0.032665122,-3.3760443e-09,33.844368,46.979023,119.740814,-0.14685859,0.8463778,-0.5119348,0,0,2.04796395417735e-05,0,0,0
"97",96,0.123402685,0.0060598115,0.013034046,0.0675,62,4294967295,90,0,4,0.02401048,-0.00012229735,33.688408,46.81052,119.5767,-0.23431747,-0.9502841,-0.20507416,0,0,1.42361551296339e-05,0,0,0
"98",97,0.110368446,0.007434948,0.019790739,0.0475,61,98,156,0,4,0.023878718,1.1764074e-09,33.7056,46.8541,119.656235,0.63890254,-0.36478102,-0.67730236,0,0,1.91668467840578e-05,0,0,0
"99",98,0.04208709,0.007434948,0.028121615,0.055,97,99,156,0,3,0.029185016,4.2332846e-11,33.81313,47.0843,119.42095,0.08130245,-0.8883448,0.45192197,0,0,7.3089441307967e-06,0,0,0
"100",99,0.13785309,0.007434948,0.026159003,0.1275,98,4294967295,156,0,4,0.018067366,0.0006419329,33.807373,47.044876,119.43762,-0.5048238,0.6048588,-0.6158723,0,0,2.39398954184689e-05,0,0,0
"101",100,0.17382069,0.0050000004,0.005,0.05,62,4294967295,116,0,0,0.019183952,0.005,33.69321,46.815914,119.56911,0.6237978,-0.072554015,-0.77821094,0,0,1.3651847252943e-05,0,0,0
"102",101,0.13224573,0.0050000004,0.005,0.05,82,4294967295,110,0,0,0.031585526,0.005,33.817482,47.271084,119.40955,-0.9523061,-0.25485018,0.16782326,0,0,1.03865570077644e-05,0,0,0
"103",102,0.08411307,0.0050000004,0.005,0.05,82,4294967295,111,0,0,0.028695296,0.005,33.823326,47.287254,119.40722,-0.3918414,0.8512573,0.34902912,0,0,6.60622612656815e-06,0,0,0
"104",103,0.06325437,0.0050000004,0.005,0.05,82,4294967295,157,0,0,0.34179065,0.005,33.845783,47.278477,119.397606,0.94766814,0.21861379,-0.23266537,0,0,4.96798739736415e-06,0,0,0
"105",104,0.08882013,0.0050000004,0.005,0.05,87,4294967295,112,0,0,0.024871338,0.005,33.455555,47.176163,119.503685,-0.6676784,-0.42209852,-0.6132196,0,0,6.97591781361898e-06,0,0,0
"106",105,0.20862526,0.0050000004,0.005,0.05,87,4294967295,158,0,0,0.02488552,0.005,33.472027,47.177334,119.51223,0.9820833,-0.16516773,-0.0907298,0,0,1.6385392225894e-05,0,0,0
"107",106,0.11307618,0.0050000004,0.005,0.05,95,4294967295,114,0,0,0.085626565,0.005,33.85085,46.978027,119.73731,0.6494448,0.3955841,-0.6494111,0,0,8.88098383055717e-06,0,0,0
"108",107,0.08569767,0.0050000004,0.005,0.05,95,4294967295,160,0,0,0.029672144,0.005,33.839516,46.981297,119.74597,-0.6019106,0.52784026,0.59923977,0,0,6.73068033945279e-06,0,0,0
"109",108,0.42487738,0.04655903,0.053557765,0.4275,0,109,2,0,4,0.031044025,-0.00022199421,33.962856,47.95499,116.28851,0.24982256,0.062013455,0.96630377,0,1.68452908503221,0.00289348563452334,0,4.87416070847744e-05,4.87416070847744e-05
"110",109,0.3569562,0.0389367,0.035172045,0.345,108,110,2,0,3,0.01348604,8.080947e-05,33.882057,47.83234,116.714424,0.7819913,0.60180223,0.16224605,0,0.84642216740879,0.00170013373266666,0,1.43903087888851e-05,1.43903087888851e-05
"111",110,0.22902568,0.0363824,0.015362356,0.15,109,111,2,0,4,0.011169176,1.1486312e-09,34.19938,48.015068,116.70731,0.7498121,0.13896267,0.64689344,0,0.565566248065822,0.000952394201534423,0,5.38642015241467e-06,5.38642015241467e-06
"112",111,0.12606071,0.033726342,0.024340888,0.075,110,112,2,0,3,0.009565068,-0.0002500554,34.40167,48.038685,116.82181,0.64228535,0.43536204,0.6308165,0,0.273521612972743,0.000450472310241642,0,1.23213912896852e-06,1.23213912896852e-06
"113",112,0.12716873,0.03062204,0.008229695,0.0775,111,113,2,0,3,0.009829438,8.5621593e-10,34.518383,48.06922,116.88174,0.7689765,0.21897908,0.60060257,0,0,0.000374626457611046,0,0,0
"114",113,0.19319011,0.026028875,0.015033024,0.1175,112,114,2,0,4,0.009283229,8.3566185e-05,34.592224,48.113792,116.98268,0.9033318,-0.22528006,0.36502123,0,0,0.000411192853463132,0,0,0
"115",114,0.17649193,0.021151943,0.020410236,0.135,113,115,2,0,4,0.01638441,0.00021890333,34.793495,48.10716,117.00975,0.17293364,-0.5554367,0.8133782,0,0,0.000248070578793517,0,0,0
"116",115,0.097403646,0.016722176,0.011974511,0.08,114,116,2,0,3,0.005579732,-9.313226e-10,34.84724,48.016006,117.15307,0.5094036,-0.11713894,0.85251766,0,0,8.55678591602478e-05,0,0,0
"117",116,0.096711166,0.011800039,0.013264954,0.0625,115,117,2,0,3,0.0039347927,2.9802322e-10,34.899025,48.007458,117.23521,0.15126862,-0.27516294,0.94942254,0,0,4.23051634631574e-05,0,0,0
"118",117,0.07372491,0.0078277,0.028074633,0.0825,116,4294967295,2,0,3,0.014465321,-4.45906e-09,34.914543,47.984062,117.32782,0.23340957,0.055571243,0.97078925,0,0,1.41916361915542e-05,0,0,0
"119",118,0.16474433,0.013020692,0.016606102,0.03,112,119,45,0,3,0.00884908,-1.2417635e-09,34.498905,48.074383,116.90479,-0.6898877,0.37939888,0.61653185,0,0,8.77462329969972e-05,0,0,0
"120",119,0.05680466,0.009863393,0.009863393,0.0375,118,4294967295,45,0,3,0.039049447,-1.2417635e-09,34.37809,47.975468,117.007164,0.15626447,-0.7307338,-0.6645372,0,0,1.736147073872e-05,0,0,0
"121",120,0.28567988,0.03456328,0.04549186,0.275,110,121,150,0,4,0.014324349,0.0003643407,34.175865,48.013046,116.735,-0.23816498,0.14278415,0.9606717,0,0.365546430505166,0.00107215957066196,0,3.91924103987429e-06,3.91924103987429e-06
"122",121,0.2288079,0.03331627,0.05406318,0.4775,120,122,150,0,4,0.034025412,-0.0006900374,34.107826,48.053837,117.009445,-0.24134463,-0.6283196,0.7395722,0,0.228432489315848,0.000797872752135191,0,1.82260058927528e-06,1.82260058927528e-06
"123",122,0.23959143,0.02888351,0.04173962,0.2725,121,123,150,0,3,0.030318415,-0.0003571536,34.052605,47.910072,117.178665,0.24309215,0.5341563,0.80968094,0,0,0.000627944252481278,0,0,0
"124",123,0.07150295,0.022429302,0.016357375,0.09,122,124,150,0,4,0.0067458856,1.2935035e-09,34.140804,48.174908,117.40728,-0.030409621,0.9221584,0.38561532,0,0,0.000113007000992519,0,0,0
"125",124,0.118109524,0.01910012,0.022718737,0.2025,123,125,150,0,4,0.018401481,1.2187679e-09,34.121517,48.23882,117.43687,0.63905746,0.6982508,0.32257003,0,0,0.000135365185740162,0,0,0
"126",125,0.14132233,0.013983058,0.013930824,0.06,124,126,150,0,4,0.011108555,-5.432715e-10,34.196995,48.32129,117.47497,-0.93819165,-0.085405484,0.33541358,0,0,8.68090452785069e-05,0,0,0
"127",126,0.112592965,0.009185422,0.023652665,0.0725,125,4294967295,150,0,4,0.018890563,-1.2845829e-09,34.064407,48.30922,117.52237,0.17729625,0.8379984,0.5160666,0,0,2.98441597370644e-05,0,0,0
"128",127,0.14330916,0.0050000004,0.005,0.05,111,4294967295,92,0,0,0.01991048,0.005,34.40641,48.053967,116.792114,0.2086104,0.4475661,-0.86957824,0,0,1.12554769070792e-05,0,0,0
"129",128,0.21924053,0.018764397,0.013615287,0.035,111,129,93,0,3,0.00627559,-6.6523044e-11,34.375916,48.05334,116.83791,-0.041915633,0.9119478,0.4081598,0,0,0.00024251574595446,0,0,0
"130",129,0.11533513,0.016038297,0.0132478895,0.025,128,130,93,0,3,0.0071215197,-0.00057880336,34.363056,48.253212,116.92622,0.068498105,0.9884102,0.13547477,0,0,9.3202590897449e-05,0,0,0
"131",130,0.12760586,0.0142216645,0.024608603,0.06,129,4294967295,93,0,4,0.014379039,-1.9402553e-10,34.387897,48.423363,116.927826,-0.27401185,-0.15613832,0.94896704,0,0,8.1081420683719e-05,0,0,0
"132",131,0.15478934,0.013799443,0.006070515,0.0475,111,132,94,0,3,0.011844199,1.7155942e-10,34.41548,48.055576,116.79609,0.57860225,0.6671497,-0.4691809,0,0,9.26006499626041e-05,0,0,0
"133",132,0.15900055,0.0074623143,0.019988509,0.07,131,4294967295,94,0,4,0.028758517,-0.00015841797,34.496246,48.139477,116.70608,0.7194638,0.68810666,-0.094239496,0,0,2.78160573418926e-05,0,0,0
"134",133,0.100397326,0.0050000004,0.005,0.05,116,4294967295,95,0,0,0.025487704,0.005,34.892696,48.0174,117.234604,-0.46339926,0.884547,-0.0532704,0,0,7.88518880667155e-06,0,0,0
"135",134,0.14651729,0.0050000004,0.005,0.05,115,4294967295,119,0,0,0.028029162,0.005,34.859913,48.021774,117.14381,0.7860213,0.32685363,-0.52472585,0,0,1.15074428883878e-05,0,0,0
"136",135,0.13847932,0.01247316,0.010229117,0.0675,115,136,120,0,3,0.006954734,1.6211912e-09,34.84515,48.02938,117.14325,0.6179355,0.7369663,0.2739279,0,0,6.76842750411726e-05,0,0,0
"137",136,0.069038816,0.0106992135,0.015291689,0.065,135,4294967295,120,0,3,0.009380922,7.5222206e-10,34.924522,48.137554,117.184326,0.82693714,0.37860304,0.415734,0,0,2.48282960422002e-05,0,0,0
"138",137,0.14489256,0.0050000004,0.005,0.05,116,4294967295,121,0,0,0.03102206,0.005,34.88837,48.002396,117.235435,-0.77743256,-0.5228694,0.34958008,0,0,1.13798368721691e-05,0,0,0
"139",138,0.21963565,0.012369658,0.014134142,0.055,118,139,162,0,3,0.011813839,1.6933138e-09,34.506104,48.070816,116.91504,-0.17552401,0.57796484,0.79696167,0,0,0.000105576701893465,0,0,0
"140",139,0.17819971,0.012369658,0.027262976,0.14,138,4294967295,162,0,4,0.024128053,9.313226e-09,34.48617,48.215496,117.068695,0.042342782,0.018602567,0.99893,0,0,8.56588521042553e-05,0,0,0
"141",140,0.07886799,0.01328262,0.012277368,0.03,123,141,46,0,3,0.014731607,0,34.13978,48.152504,117.406975,0.68353844,-0.6947115,0.22394446,0,0,4.37137578050497e-05,0,0,0
"142",141,0.05162166,0.012386146,0.014068992,0.0425,140,4294967295,46,0,3,0.0057163583,4.3826945e-10,34.206715,48.089508,117.43471,0.37168592,0.6455597,-0.6671599,0,0,2.48802207051092e-05,0,0,0
"143",142,0.21796301,0.0050000004,0.005,0.05,123,4294967295,47,0,0,0.037757613,0.005,34.13255,48.15425,117.41016,-0.32810214,-0.9356345,0.13014175,0,0,1.7118777513262e-05,0,0,0
"144",143,0.14025456,0.013283905,0.019933358,0.19,125,144,163,0,4,0.0066929036,9.1767084e-05,34.20412,48.33327,117.47603,0.6800684,0.33388737,0.6527068,0,0,7.77532202468496e-05,0,0,0
"145",144,0.112213455,0.013283905,0.02392174,0.19,143,145,163,0,3,0.009686028,2.4508489e-11,34.276844,48.395695,117.58385,0.9824897,0.14084132,-0.12197409,0,0,6.22080129250339e-05,0,0,0
"146",145,0.13587777,0.013283905,0.019290961,0.2125,144,146,163,0,4,0.0059259892,2.1036934e-09,34.387917,48.40878,117.57367,0.90093803,-0.12080447,-0.41679367,0,0,7.53268498183644e-05,0,0,0
"147",146,0.10831685,0.013283905,0.016507214,0.2175,145,4294967295,163,0,4,0.0044487496,-9.634371e-10,34.51196,48.4045,117.51703,0.78057057,-0.12396718,-0.6126514,0,0,6.00478436814815e-05,0,0,0
"148",147,0.12759109,0.0050000004,0.005,0.05,130,4294967295,164,0,0,0.013646635,0.005,34.39122,48.43682,116.931,-0.011092097,0.4197357,0.90757865,0,0,1.00209823785448e-05,0,0,0
"149",148,0.20926708,0.0050000004,0.005,0.05,132,4294967295,118,0,0,0.031610813,0.005,34.49474,48.140053,116.69879,0.25892252,0.42790392,-0.8659431,0,0,1.64358006588825e-05,0,0,0
"150",149,0.17810538,0.0047500003,0.005,0.05,133,4294967295,166,0,0,0.022823218,0.005,34.893623,48.020454,117.23845,-0.08785747,0.8851501,0.45693594,0,0,1.26244999551477e-05,0,0,0
"151",150,0.21625821,0.01261971,0.021148812,0.1125,143,151,49,0,4,0.009511458,2.3179585e-09,34.206825,48.343487,117.46798,0.48439965,0.8745159,0.024060344,0,0,0.000108198496654394,0,0,0
"152",151,0.09337366,0.01261971,0.017937914,0.105,150,4294967295,49,0,4,0.007067094,-2.0622142e-09,34.311253,48.532948,117.47946,0.5407449,0.83473104,-0.104014546,0,0,4.67167911873428e-05,0,0,0
"153",152,0.074149944,0.027560486,0.005,0.05,1,153,7,0,3,0.020334328,0.005,33.75323,47.894386,116.54782,-0.21838708,0.96208644,-0.1633916,0,0,0.000176943430661841,0,0,0
"154",153,0.35684687,0.00959887,0.0440207,0.0825,152,4294967295,7,0,4,0.112696804,7.055474e-09,33.71776,48.10803,116.42663,0.4481039,-0.3950387,0.8019647,0,0,0.0001032932600346,0,0,0
"155",154,0.24837835,0.026182462,0.027196314,0.04,152,155,51,0,3,0.035540327,-1.1641532e-10,33.76581,47.901722,116.57122,0.01867583,0.67474115,0.7378182,0,0,0.000534914750823475,0,0,0
"156",155,0.09826928,0.026182462,0.047721453,0.045,154,4294967295,51,0,4,0.06715162,1.6556846e-09,33.75767,48.043243,116.78278,-0.9909668,-0.11599063,0.06731183,0,0,0.000211635544824266,0,0,0
"157",156,0.1546222,0.053426724,0.029579554,0.1075,3,157,8,0,4,0.025734572,5.5879354e-09,33.844288,47.85352,116.87728,-0.06991845,0.99446756,0.078394175,0,2.43966063267195,0.00138656045892427,0,3.38273696645709e-05,3.38273696645709e-05
"158",157,0.084633105,0.054904215,0.057145406,0.2025,156,158,8,0,3,0.01646585,5.794896e-09,33.80915,48.006252,116.88082,-0.10556178,0.815467,0.5690961,0,2.60211691937514,0.000801496297073158,0,2.08558707543059e-05,2.08558707543059e-05
"159",158,0.077262595,0.05781906,0.071965866,0.2,157,159,8,0,3,0.020202905,0.00015452568,33.800217,48.075268,116.928986,-0.7740722,0.1279752,0.62002796,0,2.92261626252875,0.000811448976661422,0,2.37155397540298e-05,2.37155397540298e-05
"160",159,0.26920992,0.054128367,0.08902923,0.0775,158,160,8,0,4,0.022530768,2.0429012e-09,33.74041,48.085155,116.97689,-0.11279298,0.39981994,0.90962726,0,2.51680920167933,0.00247793997409005,0,6.23650212799888e-05,6.23650212799888e-05
"161",160,0.09993148,0.04289003,0.025200225,0.175,159,161,8,0,4,0.012335389,-7.9686804e-05,33.766693,48.23583,117.20988,0.16891609,0.28664201,0.943029,0,1.28110725984748,0.000577517158696498,0,7.39861424692572e-06,7.39861424692572e-06
"162",161,0.13028409,0.039468877,0.018685631,0.13,160,162,8,0,4,0.008917717,-5.373015e-10,33.75725,48.257744,117.310875,0.3329118,0.5285597,0.7808933,0,0.904937244176666,0.000637603652049091,0,5.76991291762282e-06,5.76991291762282e-06
"163",162,0.081528805,0.036697872,0.021602992,0.0675,161,163,8,0,4,0.016769752,-2.9319414e-09,33.78834,48.3303,117.41535,-0.071260504,0.3527933,0.93298393,0,0.600253707873582,0.000344939327659601,0,2.07051110419096e-06,2.07051110419096e-06
"164",163,0.112695694,0.032439854,0.023389276,0.1825,162,164,8,0,4,0.008844173,0.00023698492,33.772087,48.350636,117.493805,-0.013167471,0.3273589,0.9448083,0,0.132066901324269,0.00037257608678738,0,4.92049692895312e-07,4.92049692895312e-07
"165",164,0.1310939,0.026858874,0.023191852,0.2675,163,165,8,0,4,0.00781599,-0.00016136274,33.76984,48.3946,117.59782,-0.022959085,0.21294625,0.9767941,0,0,0.000297103631477645,0,0,0
"166",165,0.12463434,0.020974051,0.020645095,0.1925,164,166,8,0,4,0.0066679134,2.7635851e-05,33.75825,48.42741,117.7253,-0.097912356,0.19297646,0.97630596,0,0,0.000172247223570136,0,0,0
"167",166,0.12196246,0.015218238,0.019717826,0.2175,165,167,8,0,4,0.007214891,-3.8537487e-10,33.75148,48.45016,117.847786,0.0013136606,0.1524472,0.9883107,0,0,8.87370101684916e-05,0,0,0
"168",167,0.10356529,0.00822784,0.014375806,0.0475,166,168,8,0,3,0.10592589,2.303798e-09,33.744896,48.452538,117.97083,0.72783476,0.4943825,0.47522894,0,0,2.20260070442565e-05,0,0,0
"169",168,0.01734234,0.005,0.005,0.05,167,4294967295,8,0,3,0.61458635,0.005,33.829937,48.490986,118.01852,0.6440557,0.38317797,0.6620928,0,0,1.36206419850141e-06,0,0,0
"170",169,0.22084162,0.022860631,0.028134998,0.095,160,170,54,0,4,0.011575493,-1.6175603e-09,33.76476,48.245647,117.16817,0.1359939,0.6718337,-0.7281106,0,0,0.000362582821555243,0,0,0
"171",170,0.107698835,0.015996484,0.019222826,0.04,169,171,54,0,3,0.008603443,2.3283064e-10,33.79709,48.382847,116.991,-0.14883502,0.9299532,-0.33620703,0,0,8.65784786343856e-05,0,0,0
"172",171,0.33453324,0.009569475,0.009569475,0.0375,170,4294967295,54,0,3,0.007910457,3.1044087e-10,33.624622,48.482132,117.02163,0.8604737,0.2970949,-0.41390768,0,0,9.62421627373872e-05,0,0,0
"173",172,0.08269174,0.040284734,0.018897438,0.0625,160,173,55,0,3,0.014541357,1.7136336e-09,33.76071,48.196037,117.19503,-0.8926453,-0.18927771,0.4090945,0,0.994644117992348,0.000421592623796167,0,4.19334623447818e-06,4.19334623447818e-06
"174",173,0.29575205,0.039032355,0.037461717,0.1025,172,174,55,0,4,0.020361448,3.816151e-09,33.726143,48.311665,117.173874,-0.33465916,-0.5773019,0.74479914,0,0.856939832900217,0.00141555629814073,0,1.21304657758956e-05,1.21304657758956e-05
"175",174,0.08642969,0.03678402,0.06360246,0.285,173,175,55,0,3,0.027765784,8.234852e-09,33.59982,48.140636,117.38164,0.24504541,0.069338314,0.967029,0,0.60972603913442,0.000367393279800164,0,2.24009249297158e-06,2.24009249297158e-06
"176",175,0.17327969,0.028550312,0.058920745,0.19,174,176,55,0,4,0.02265284,0.00029342645,33.59561,48.142426,117.471954,0.4849174,0.1473883,0.86205095,0,0,0.000443730470456932,0,0,0
"177",176,0.10681285,0.01190006,0.018798342,0.105,175,177,55,0,3,0.009259886,-3.9913825e-10,33.642834,48.19738,117.637,-0.5263149,0.6806344,0.5096365,0,0,4.75194798345053e-05,0,0,0
"178",177,0.016224844,0.0061995233,0.005,0.05,176,4294967295,55,0,3,0.053704854,0.005,33.581833,48.261654,117.697754,-0.33527339,0.9289377,0.15705653,0,0,1.95905665442025e-06,0,0,0
"179",178,0.13099958,0.013964701,0.007819013,0.0275,161,179,56,0,3,0.007034914,-5.926598e-10,33.781353,48.27788,117.28697,0.45735747,0.62706834,-0.6305627,0,0,8.02570253076712e-05,0,0,0
"180",179,0.106534,0.01304477,0.023296405,0.06,178,180,56,0,4,0.0051160185,-1.7850349e-09,33.841267,48.360027,117.20437,0.33812857,0.49840212,-0.79828846,0,0,5.69522594970379e-05,0,0,0
"181",180,0.0727112,0.009799134,0.007820385,0.05,179,181,56,0,3,0.0050605997,5.3551047e-10,33.87729,48.413124,117.11932,0.3964105,0.7031177,-0.5903256,0,0,2.19344413565419e-05,0,0,0
"182",181,0.25247222,0.008182917,0.013181813,0.0475,180,4294967295,56,0,3,0.22416082,1.4705094e-09,33.914864,48.467762,117.08646,0.39879683,0.36655343,-0.84059495,0,0,5.31104234117454e-05,0,0,0
"183",182,0.09908695,0.013380125,0.013784603,0.06,162,183,57,0,4,0.0077727283,-4.268562e-10,33.78214,48.342762,117.38139,-0.34367597,0.7772459,-0.52704424,0,0,5.57296960884632e-05,0,0,0
"184",183,0.104242876,0.013177111,0.014877466,0.0825,182,184,57,0,4,0.0075751687,-0.00025299552,33.755615,48.423725,117.33054,-0.45040292,0.76617527,-0.45838046,0,0,5.68639031095227e-05,0,0,0
"185",184,0.1263237,0.012586779,0.012751721,0.105,183,185,57,0,4,0.004609055,1.2195891e-09,33.713833,48.50196,117.274956,-0.42796317,0.8907444,-0.15304242,0,0,6.28729624662225e-05,0,0,0
"186",185,0.09342791,0.012165404,0.012165404,0.0775,184,4294967295,57,0,3,0.0133969635,1.3218772e-09,33.668854,48.617924,117.25025,-0.4541155,0.8810788,0.13220878,0,0,4.34389759372391e-05,0,0,0
"187",186,0.12231274,0.013147047,0.013843168,0.07,163,187,59,0,4,0.0102061955,-1.0809994e-09,33.78097,48.380154,117.4837,-0.04322665,0.9773403,0.20721348,0,0,6.64168079046963e-05,0,0,0
"188",187,0.07635738,0.011417375,0.008677444,0.045,186,188,59,0,3,0.0063193897,3.62181e-10,33.779186,48.5018,117.495384,0.032622878,0.99252474,-0.11760222,0,0,3.12703989555542e-05,0,0,0
"189",188,0.10542836,0.010580105,0.014102858,0.0775,187,189,59,0,4,0.005308022,3.304693e-10,33.777946,48.57719,117.48201,-0.02702858,0.9556611,0.2932257,0,0,3.70755224089473e-05,0,0,0
"190",189,0.09291445,0.00914455,0.014127016,0.06,188,4294967295,59,0,3,0.0064168675,-7.761021e-10,33.763847,48.680923,117.50218,0.15564336,0.9227751,0.35250697,0,0,2.4409439714227e-05,0,0,0
"191",190,0.13111815,0.012473948,0.0172776,0.0625,164,191,60,0,4,0.0066019585,-0.00016821313,33.74955,48.411686,117.59361,-0.68480486,0.6284506,0.36890668,0,0,6.40944675698588e-05,0,0,0
"192",191,0.087334275,0.0087558655,0.012458282,0.045,190,192,60,0,3,0.0047615455,0,33.66122,48.49267,117.646324,-0.7947443,0.5558187,0.24381767,0,0,2.10345272352083e-05,0,0,0
"193",192,0.01,0.005,0.005,0.05,191,4294967295,60,0,4,0.054388314,0.005,33.56552,48.569572,117.671196,-0.71515644,0.65329826,0.24850096,0,0,7.85398163397448e-07,0,0,0
"194",193,0.06384714,0.016701648,0.005,0.05,164,194,61,0,3,0.00956929,0.005,33.794037,48.383343,117.60084,0.57817507,-0.17936154,0.79595417,0,0,5.59512731835662e-05,0,0,0
"195",194,0.103404544,0.011876948,0.020788934,0.0425,193,195,61,0,3,0.0154962195,1.3148084e-09,33.83927,48.359882,117.665504,0.12166653,-0.56771564,-0.8141844,0,0,4.58246552706681e-05,0,0,0
"196",195,0.05349719,0.025515929,0.027391339,0.0625,194,4294967295,61,0,4,0.023574272,-2.0116568e-09,33.94517,48.351562,117.63131,0.945886,0.30041656,-0.12267675,0,0,0.00010942173924535,0,0,0
"197",196,0.049501102,0.013528772,0.005,0.05,165,197,62,0,3,0.010066284,0.005,33.77725,48.427147,117.71642,0.9635171,0.05679534,-0.2615514,0,0,2.84630539145376e-05,0,0,0
"198",197,0.07694038,0.019925348,0.021211974,0.08,196,4294967295,62,0,4,0.054642666,0,33.95441,48.489113,117.77761,-0.5213472,0.7731742,0.36110762,0,0,9.5965698769153e-05,0,0,0
"199",198,0.15951999,0.01986285,0.018334571,0.12,165,199,63,0,3,0.009331773,1.9014503e-09,33.740734,48.415886,117.72582,-0.6497804,-0.22218126,0.7269256,0,0,0.000197718866604961,0,0,0
"200",199,0.13567483,0.018429665,0.021742618,0.0725,198,200,63,0,4,0.022772828,1.6057286e-09,33.634323,48.362804,117.84038,-0.6124048,0.014564331,0.79041016,0,0,0.00014477182221955,0,0,0
"201",200,0.17427099,0.014106396,0.019992238,0.0675,199,201,63,0,4,0.028631877,-2.7594742e-09,33.55263,48.39036,117.94823,-0.24781054,-0.9681926,-0.034541562,0,0,0.000108944952471895,0,0,0
"202",201,0.013952421,0.010174676,0.005,0.05,200,202,63,0,5,0.003717267,0.005,33.47778,48.231575,117.89076,-0.77975833,-0.6129797,0.12740792,0,0,4.5377505904142e-06,0,0,0
"203",202,0.1462187,0.007798051,0.012539268,0.0275,201,203,63,0,3,0.023958722,1.7779794e-09,33.464878,48.231464,117.9208,-0.6639385,-0.7144729,-0.2207128,0,0,2.79334728750784e-05,0,0,0
"204",203,0.003919497,0.005072094,0.005,0.05,202,4294967295,63,0,3,0.05923322,0.005,33.36697,48.133472,117.87005,-0.54113364,-0.54502666,-0.6404063,0,0,3.16777842301609e-07,0,0,0
"205",204,0.100406036,0.0050000004,0.005,0.05,176,4294967295,96,0,0,0.014884218,0.005,33.64534,48.198746,117.62545,0.30470154,0.11177455,-0.94586647,0,0,7.88587288858132e-06,0,0,0
"206",205,0.064595476,0.0056220554,0.005,0.05,177,206,97,0,3,0.019450814,0.005,33.58772,48.261684,117.69971,0.931182,-0.14415368,0.33484286,0,0,6.41419586174917e-06,0,0,0
"207",206,0.22413132,0.005889547,0.026512865,0.0525,205,207,97,0,4,0.02118498,2.3061322e-09,33.619278,48.254433,117.66535,-0.12574318,-0.950086,0.2855262,0,0,2.44239670493574e-05,0,0,0
"208",207,0.08017411,0.005889547,0.031967185,0.1,206,4294967295,97,0,4,0.029920261,-2.0489097e-09,33.61318,48.0667,117.82297,0.66084087,0.5453162,0.5156738,0,0,8.73670766250586e-06,0,0,0
"209",208,0.13488607,0.0051652016,0.005,0.05,177,209,98,0,3,0.017154966,0.005,33.576035,48.259464,117.697815,-0.9146886,-0.40263495,-0.035068296,0,0,1.13055456473557e-05,0,0,0
"210",209,0.11583426,0.0050826008,0.005,0.05,208,210,98,0,3,0.01120663,0.005,33.452656,48.205154,117.693085,-0.44863775,-0.5349206,-0.71594983,0,0,9.40067204940915e-06,0,0,0
"211",210,0.060136355,0.005889547,0.010144768,0.025,209,4294967295,98,0,3,0.0127522815,-1.8626452e-10,33.40069,48.143192,117.61015,-0.53259444,-0.6992211,-0.47689945,0,0,6.55315978591683e-06,0,0,0
"212",211,0.2250399,0.005889547,0.012537241,0.025,177,212,167,0,3,0.024817834,1.8626452e-10,33.576164,48.26219,117.6953,-0.8952948,0.14103402,-0.42255962,0,0,2.45229765406757e-05,0,0,0
"213",212,0.09011413,0.005889547,0.009445432,0.0375,211,213,167,0,3,0.0058251778,1.1175871e-09,33.37894,48.292156,117.594894,-0.90526646,-0.19189024,-0.37903932,0,0,9.81988836634481e-06,0,0,0
"214",213,0.08159163,0.005889547,0.010918657,0.045,212,214,167,0,3,0.05851657,-5.432715e-10,33.295097,48.26624,117.57051,-0.7994387,-0.12674884,-0.5872244,0,0,8.89117720193393e-06,0,0,0
"215",214,0.07541928,0.005889547,0.006964019,0.025,213,4294967295,167,0,3,0.02432514,-6.519258e-10,33.23099,48.257614,117.5207,-0.83603466,-0.38769472,-0.3882511,0,0,8.21856583723442e-06,0,0,0
"216",215,0.013915154,0.007917155,0.005,0.05,194,216,99,0,3,0.0010589063,0.005,33.850597,48.362064,117.668335,0.65025955,-0.3928423,0.65025955,0,0,2.7401616560524e-06,0,0,0
"217",216,0.0906058,0.011283101,0.01920181,0.05,215,4294967295,99,0,4,0.14989723,-1.6763806e-09,33.889343,48.246014,117.8197,-0.2828842,-0.7309772,-0.6210064,0,0,3.62378834147773e-05,0,0,0
"218",217,0.05526524,0.0072694886,0.005,0.05,201,218,101,0,3,0.023880603,0.005,33.471413,48.2394,117.889435,-0.7269049,0.6455932,-0.23413366,0,0,9.17507562779028e-06,0,0,0
"219",218,0.065062016,0.009665942,0.021922791,0.055,217,4294967295,101,0,3,0.015822034,1.4393167e-09,33.418396,48.311085,117.85536,-0.58532035,-0.49397215,-0.6429553,0,0,1.90970268416674e-05,0,0,0
"220",219,0.15455103,0.007408148,0.034091957,0.11,202,220,169,0,4,0.029630685,7.619912e-10,33.47172,48.233673,117.92381,0.23236054,-0.9564941,-0.17643012,0,0,2.66465554546388e-05,0,0,0
"221",220,0.06402336,0.007408148,0.03391289,0.085,219,4294967295,169,0,3,0.11771326,-4.437478e-09,33.535637,48.072075,117.92334,0.8692549,-0.08949351,0.48619643,0,0,1.10384383244311e-05,0,0,0
"222",221,0.12810938,0.009665942,0.013431488,0.0375,201,4294967295,122,0,4,0.032835517,4.967054e-10,33.47903,48.233772,117.880905,0.099990755,-0.0068784584,-0.99496454,0,0,3.76027122880633e-05,0,0,0
"223",222,0.19671218,0.0050000004,0.005,0.05,219,4294967295,102,0,0,0.05789949,0.005,33.468678,48.23174,117.93028,-0.3234438,-0.4194162,0.8482182,0,0,1.54497409609491e-05,0,0,0
"224",223,0.22013727,0.03923765,0.043458432,0.1225,4,224,9,0,3,0.014591408,4.0293955e-09,33.86534,47.74524,117.1351,0.20603849,0.42425907,0.88178927,0,0.879512872856963,0.0010647543595763,0,9.36465165677931e-06,9.36465165677931e-06
"225",224,0.15747519,0.037452795,0.032540403,0.2225,223,225,9,0,4,0.016443748,-5.9192316e-05,33.92482,47.824627,117.33898,0.40517256,-0.23814729,0.88267833,0,0.683260634702127,0.000693953675972291,0,4.74151229098702e-06,4.74151229098702e-06
"226",225,0.17296575,0.035711892,0.033869203,0.4375,224,226,9,0,4,0.0055031204,-6.976715e-06,33.98824,47.78528,117.47766,0.3571087,-0.24348322,0.9017701,0,0.491841101933098,0.000693003943748072,0,3.40847823337034e-06,3.40847823337034e-06
"227",226,0.17753004,0.03240269,0.030224206,0.2925,225,227,9,0,4,0.0059519974,0.00012284053,34.05288,47.75029,117.63442,0.37568948,-0.11149924,0.9200138,0,0.127980564799013,0.000585576790988307,0,7.49424484438771e-07,7.49424484438771e-07
"228",227,0.14430915,0.028302101,0.029142214,0.3975,226,228,9,0,4,0.02712116,0.00022666588,34.133408,47.723156,117.791214,0.17052704,0.07689709,0.98234785,0,0,0.000363145857390159,0,0,0
"229",228,0.14850616,0.022645734,0.023231572,0.16,227,229,9,0,3,0.008103757,3.4924597e-10,34.132298,47.700798,117.940056,0.6301567,0.63241714,0.4505009,0,0,0.000239258372708962,0,0,0
"230",229,0.05290738,0.0183623,0.016696613,0.035,228,4294967295,9,0,3,0.12562242,-7.982765e-10,34.27888,47.876163,117.98322,0.78618014,-0.61598027,-0.04989126,0,0,5.60428593679091e-05,0,0,0
"231",230,0.1207894,0.0050000004,0.005,0.05,225,4294967295,66,0,0,0.025909146,0.005,33.989445,47.819855,117.48652,0.3177088,0.6160266,0.72081363,0,0,9.4867788096724e-06,0,0,0
"232",231,0.13939969,0.0050000004,0.005,0.05,228,4294967295,69,0,0,0.23621489,0.005,34.139347,47.6841,117.953636,0.7144774,-0.022713097,0.69928974,0,0,1.09484278021656e-05,0,0,0
"233",232,0.01,0.0077052545,0.005,0.05,231,233,172,0,3,0.04176275,0.005,33.836765,47.86836,117.40761,-0.708724,0.6852404,-0.16779758,0,0,1.86519330648404e-06,0,0,0
"234",233,0.15432535,0.0053121448,0.013740055,0.025,232,4294967295,172,0,3,0.008342382,1.8626452e-10,33.842815,47.875973,117.35355,-0.57487905,0.35849297,0.73552483,0,0,1.36812869732746e-05,0,0,0
"235",234,0.15656431,0.021450534,0.018472346,0.07,7,235,10,0,4,0.009136605,-8.31538e-10,33.580517,47.851063,117.6143,-0.06213088,0.86929625,0.490371,0,0,0.000226317875386306,0,0,0
"236",235,0.048024014,0.019193256,0.024589164,0.0825,234,4294967295,10,0,4,0.010945071,1.63687e-09,33.59063,47.9645,117.73212,0.2823053,0.29596782,0.9125277,0,0,5.5578349003132e-05,0,0,0
"237",236,0.015444081,0.0050000004,0.005,0.05,7,4294967295,11,0,0,0.019086454,0.005,33.675674,47.843037,117.65575,0.26799566,-0.015067036,0.9633023,0,0,1.2129754793522e-06,0,0,0
"238",237,0.23172614,0.018208819,0.01423408,0.0375,7,238,12,0,3,0.028311243,6.829699e-10,33.7062,47.77108,117.6643,0.32336488,-0.090590894,0.941928,0,0,0.000241372872002619,0,0,0
"239",238,0.14257824,0.015164019,0.01977414,0.1175,237,4294967295,12,0,4,0.039082997,1.902276e-09,33.785538,47.769814,117.88153,0.23560554,-0.014153455,0.9717458,0,0,0.000102998704427322,0,0,0
"240",239,0.1688652,0.013010772,0.018978216,0.0575,8,240,14,0,4,0.026996585,3.239383e-10,33.580414,47.702812,117.835915,0.56274426,-0.45794836,0.6881876,0,0,8.98040998708689e-05,0,0,0
"241",240,0.01,0.005,0.005,0.05,239,4294967295,14,0,3,0.023272654,0.005,33.69592,47.61618,117.94512,-0.008632329,0.65815836,0.75283,0,0,7.85398163397448e-07,0,0,0
"242",241,0.18727504,0.02129714,0.02129714,0.08,9,4294967295,15,0,4,0.03079314,5.820766e-09,33.43899,47.826294,117.97157,0.030187586,0.94459444,0.32684886,0,0,0.000266853155602639,0,0,0
"243",242,0.13157779,0.0050000004,0.005,0.05,11,4294967295,16,0,0,0.023458645,0.005,33.34331,47.74625,118.31812,-0.10579164,0.9286703,-0.35549936,0,0,1.03340971144449e-05,0,0,0
"244",243,0.18288134,0.039499506,0.0316791,0.2675,11,244,17,0,4,0.015336789,-0.00016147527,33.415485,47.679256,118.33081,0.7831461,-0.17898992,0.5955206,0,0.90830503024469,0.000896401544649809,0,8.14206032124531e-06,8.14206032124531e-06
"245",244,0.17544736,0.038730253,0.036007952,0.2725,243,245,17,0,4,0.013743291,4.169591e-09,33.568417,47.65002,118.4346,0.10751759,0.050856147,0.9929016,0,0.823722460255912,0.000826794117977225,0,6.81048884985316e-06,6.81048884985316e-06
"246",245,0.117530786,0.039196733,0.06120338,0.1375,244,246,17,0,3,0.053529963,-2.844767e-09,33.576107,47.65447,118.610245,0.542032,0.7039275,0.45900697,0,0.875013878356803,0.000567284940248177,0,4.96382195699964e-06,4.96382195699964e-06
"247",246,0.083643146,0.031167768,0.014743593,0.0425,245,247,17,0,3,0.032289527,9.861063e-10,33.6492,47.68234,118.73724,0.28271663,0.8476026,0.44904467,0,0,0.000255265214644677,0,0,0
"248",247,0.01,0.028640939,0.005,0.05,246,248,17,0,3,0.015123846,0.005,33.64206,47.750694,118.76651,0.82419217,0.3186847,0.46813187,0,0,2.57705909369111e-05,0,0,0
"249",248,0.17011559,0.027258785,0.031693652,0.045,247,249,17,0,3,0.25917706,4.967054e-09,33.63701,47.786892,118.772125,0.8725236,0.21058518,0.44085875,0,0,0.000397106482651748,0,0,0
"250",249,0.12536871,0.023272337,0.0335444,0.0475,248,250,17,0,4,0.08654555,9.803396e-10,33.78686,47.816345,118.84734,0.6386192,0.41902158,0.64543504,0,0,0.000213313835287324,0,0,0
"251",250,0.28455743,0.017275717,0.017631646,0.1,249,251,17,0,4,0.0327371,1.7229468e-09,33.866924,47.868877,118.92826,0.81349933,-0.56987715,-0.1160131,0,0,0.000266803771685704,0,0,0
"252",251,0.13141371,0.0105032185,0.015573579,0.125,250,4294967295,17,0,4,0.20351,-4.4703485e-09,34.09841,47.706715,118.89525,0.25779903,0.41083544,0.8745021,0,0,4.55444382143646e-05,0,0,0
"253",252,0.31669927,0.016401103,0.014290547,0.02,250,253,72,0,3,0.46491852,-0.00021865529,33.87651,47.880985,118.936005,0.9566637,0.11600705,-0.26708966,0,0,0.000267635085855235,0,0,0
"254",253,0.08003012,0.014398634,0.018356435,0.0975,252,254,72,0,4,0.45274994,1.5283242e-09,34.17418,47.91755,118.83558,0.050573383,-0.15939434,-0.98591876,0,0,5.21249829293951e-05,0,0,0
"255",254,0.08086571,0.012371859,0.022706687,0.05,253,255,72,0,4,0.008657587,-8.381903e-10,34.16977,47.89844,118.75727,-0.12524495,-0.20086364,-0.97157997,0,0,3.88851877539691e-05,0,0,0
"256",255,0.091732174,0.009976128,0.011937242,0.04,254,256,72,0,3,0.014434254,1.4551915e-09,34.162334,47.881973,118.678406,-0.1718299,-0.30261523,-0.9374959,0,0,2.86810855167936e-05,0,0,0
"257",256,0.057594806,0.007874179,0.025645288,0.07,255,257,72,0,3,0.01969782,-6.652304e-10,34.163612,47.85216,118.58995,-0.11160321,-0.8123521,-0.57238865,0,0,1.12187316216922e-05,0,0,0
"258",257,0.09048363,0.006005029,0.020210348,0.0775,256,4294967295,72,0,4,0.10380864,3.3647782e-09,34.14448,47.84869,118.497986,-0.39743268,-0.7551516,-0.5213379,0,0,1.02506193371147e-05,0,0,0
"259",258,0.13044298,0.017406257,0.013360894,0.0475,257,259,175,0,3,0.01754596,-8.823056e-10,34.09511,47.71556,118.79019,0.054787736,0.1453089,-0.9878683,0,0,0.000124159903826831,0,0,0
"260",259,0.09560372,0.015761174,0.016932966,0.115,258,260,175,0,4,0.019192368,-3.1583982e-09,34.099457,47.73616,118.66094,0.04598691,-0.19534542,-0.97965574,0,0,7.46108162304208e-05,0,0,0
"261",260,0.029648352,0.014231004,0.021761948,0.0725,259,4294967295,175,0,3,0.024336265,8.99208e-10,34.130257,47.75198,118.561646,0.48892596,0.8601237,0.14539115,0,0,1.8863466811666e-05,0,0,0
"262",261,0.17464966,0.010389023,0.012177277,0.03,11,262,18,0,3,0.012761411,1.2805685e-09,33.309288,47.65694,118.311356,-0.7364466,-0.46318138,-0.49306124,0,0,5.92198131390547e-05,0,0,0
"263",262,0.1308913,0.008990133,0.008990133,0.0425,261,4294967295,18,0,3,0.020474505,-9.039307e-10,33.201736,47.586975,118.20596,-0.90372664,-0.03975243,-0.4262603,0,0,3.32347860441206e-05,0,0,0
"264",263,0.2183673,0.0050000004,0.005,0.05,14,4294967295,21,0,0,0.1359697,0.005,33.271034,47.602455,118.81307,0.05806755,-0.992721,-0.10551384,0,0,1.71505303806905e-05,0,0,0
"265",264,0.12962198,0.024369648,0.031819217,0.1175,14,265,23,0,4,0.036410715,-8.0846725e-09,33.32329,47.660892,118.81747,0.7937698,-0.32616603,-0.51336646,0,0,0.000241839388577983,0,0,0
"266",265,0.1441007,0.017645564,0.010515369,0.0225,264,266,23,0,3,0.10049221,-4.1392115e-10,33.43806,47.616077,118.750084,0.20404959,-0.3401709,0.9179584,0,0,0.000140957130943703,0,0,0
"267",266,0.07852811,0.012701953,0.007913191,0.0275,265,267,23,0,3,0.04121146,1.0159883e-09,33.469593,47.566765,118.88178,0.35136086,-0.3659341,0.8617644,0,0,3.98030196122702e-05,0,0,0
"268",267,0.08832856,0.008463097,0.0156118795,0.05,266,4294967295,23,0,3,0.11776905,-1.1175871e-09,33.490105,47.545048,118.95532,0.6699258,-0.55401033,0.4942387,0,0,1.98751154543466e-05,0,0,0
"269",268,0.14201201,0.0050000004,0.005,0.05,264,4294967295,75,0,0,0.12321355,0.005,33.33732,47.677353,118.8287,0.65051204,0.6325415,0.42038706,0,0,1.11535989680136e-05,0,0,0
"270",269,0.20883617,0.0050000004,0.005,0.05,15,4294967295,24,0,0,0.028412638,0.005,33.235565,47.63128,119.008644,-0.7213059,-0.6924267,0.016220616,0,0,1.64019570612085e-05,0,0,0
"271",270,0.19986504,0.0050000004,0.005,0.05,15,4294967295,25,0,0,0.018682288,0.005,33.26702,47.614815,119.009125,-0.0788076,-0.9908305,0.109746605,0,0,1.5697366045914e-05,0,0,0
"272",271,0.12638518,0.006461103,0.008339666,0.025,16,272,28,0,3,0.035230678,-9.313226e-11,33.254353,47.6954,119.178276,-0.36850554,0.9279796,0.05529545,0,0,1.65752219623826e-05,0,0,0
"273",272,0.075779125,0.005,0.00062578963,0.035,271,4294967295,28,0,3,0.17331555,-0.00016221976,33.202267,47.802235,119.1791,-0.145381,0.34205815,-0.92836446,0,0,5.95167855988657e-06,0,0,0
"274",273,0.22078197,0.022619585,0.02121843,0.23,17,274,29,0,4,0.03794397,-9.079628e-05,33.31474,47.696342,119.32908,0.31423718,0.8122963,0.49135518,0,0,0.000354880995089466,0,0,0
"275",274,0.17182831,0.021816526,0.015476886,0.32,273,275,29,0,4,0.014784757,-7.8873105e-05,33.39814,47.874077,119.43562,0.15396139,0.4458553,0.8817647,0,0,0.000256930571725212,0,0,0
"276",275,0.1538729,0.022326354,0.028647328,0.1525,274,276,29,0,3,0.022778887,9.177838e-06,33.424595,47.950687,119.587135,0.40526208,0.45092753,0.7952528,0,0,0.000240961481442343,0,0,0
"277",276,0.105976485,0.02170779,0.03089039,0.1225,275,277,29,0,4,0.0067928024,-1.824632e-09,33.486954,48.020073,119.7095,0.16244857,0.49245712,0.85504174,0,0,0.000156888317913603,0,0,0
"278",277,0.07171428,0.020314496,0.01666571,0.0575,276,278,29,0,3,0.005585891,5.263997e-10,33.50366,48.046597,119.814995,-0.014628073,0.7720963,0.6353371,0,0,9.29753066103596e-05,0,0,0
"279",278,0.09361453,0.01992683,0.005,0.05,277,279,29,0,3,0.008014398,0.005,33.50261,48.101967,119.86056,0.53650117,-0.113363676,0.83625066,0,0,0.000116780294314143,0,0,0
"280",279,0.1113711,0.019486735,0.018042514,0.0275,278,280,29,0,3,0.009841656,1.6933138e-09,33.552834,48.091354,119.93884,-0.49313864,0.803249,0.33407384,0,0,0.000132861924933888,0,0,0
"281",280,0.18006757,0.018903049,0.005,0.05,279,281,29,0,3,0.0052039963,0.005,33.497913,48.180813,119.97605,-0.7990275,0.5990429,0.051987525,0,0,0.000202138527045686,0,0,0
"282",281,0.09406585,0.018568467,0.020856354,0.105,280,282,29,0,4,0.03146687,5.7653304e-10,33.354034,48.28868,119.98541,-0.30102333,0.6937311,0.65431046,0,0,0.000101890561895746,0,0,0
"283",282,0.10244182,0.017453017,0.01664469,0.0675,281,283,29,0,4,0.14456013,-4.82908e-10,33.325752,48.360683,120.04014,-0.44596013,0.6143942,0.6508758,0,0,9.80320719485083e-05,0,0,0
"284",283,0.06793876,0.016474497,0.014646294,0.04,282,284,29,0,3,0.13545798,1.1641532e-10,33.282803,48.422775,120.10948,-0.12504394,0.841169,0.52611667,0,0,5.79284376811658e-05,0,0,0
"285",284,0.10489146,0.0154844,0.017125834,0.1225,283,285,29,0,4,0.0075341975,2.546882e-09,33.275528,48.482704,120.14164,-0.12753238,0.6128024,0.7798774,0,0,7.90094005022782e-05,0,0,0
"286",285,0.11580684,0.014005946,0.017132003,0.1225,284,286,29,0,4,0.016605308,-2.546882e-09,33.24851,48.544468,120.22319,0.10178513,0.73202944,0.67362654,0,0,7.13688960650191e-05,0,0,0
"287",286,0.07539055,0.012366282,0.013461084,0.0325,285,287,29,0,3,0.1922451,7.16402e-11,33.25717,48.623863,120.30752,-0.039366134,0.7804412,0.6239887,0,0,3.62197189587621e-05,0,0,0
"288",287,0.08480557,0.011155292,0.015318257,0.0675,286,288,29,0,3,0.020436145,-0.00014441388,33.25691,48.683365,120.353905,0.17268468,0.6694624,0.7224958,0,0,3.31540154748401e-05,0,0,0
"289",288,0.0907279,0.010038557,0.021536717,0.06,287,289,29,0,4,0.35045403,1.7850349e-09,33.250042,48.74576,120.41511,0.67112976,0.31437397,0.67138207,0,0,2.87232322638457e-05,0,0,0
"290",289,0.07747775,0.008828285,0.037877403,0.0425,288,4294967295,29,0,4,0.21891205,1.6435104e-09,33.320393,48.785324,120.461395,0.97851694,-0.12249925,0.16582696,0,0,1.89705342846355e-05,0,0,0
"291",290,0.14002545,0.018901937,0.018239247,0.1225,276,291,76,0,4,0.019886252,-1.5205266e-10,33.487106,47.998806,119.705154,0.09060983,-0.474789,0.87542284,0,0,0.000157169934578778,0,0,0
"292",291,0.09819348,0.0187118,0.02692176,0.1475,290,292,76,0,3,0.006579566,2.683472e-09,33.49725,47.93416,119.82788,0.1531419,0.072841465,0.98551595,0,0,0.000108009923450516,0,0,0
"293",292,0.13057487,0.017879825,0.016014293,0.1775,291,293,76,0,4,0.005357709,-3.358008e-09,33.52077,47.940872,119.92336,0.14020105,-0.13727957,0.98056006,0,0,0.000131140248537829,0,0,0
"294",293,0.3003465,0.016985942,0.010077427,0.03,292,294,76,0,3,0.029936107,-7.761021e-10,33.336643,47.89144,120.075935,0.98148155,0.18916851,-0.030152146,0,0,0.000272239865617476,0,0,0
"295",294,0.069359876,0.016027162,0.012017865,0.05,293,295,76,0,3,0.005789726,6.519258e-10,33.629704,47.957054,120.06596,0.99586,-0.09074772,0.0052798674,0,0,5.59720784547173e-05,0,0,0
"296",295,0.08048139,0.015139104,0.012364685,0.06,294,296,76,0,4,0.00622055,-0.00029430672,33.69848,47.947304,120.062836,0.9879744,-0.043227434,0.1484521,0,0,5.79489653245358e-05,0,0,0
"297",296,0.07803116,0.01422968,0.00916063,0.0425,295,297,76,0,3,0.0047406154,3.287021e-10,33.778557,47.959843,120.07569,0.9486492,-0.09982694,0.30016524,0,0,4.9637306056687e-05,0,0,0
"298",297,0.0909048,0.013295555,0.0071980725,0.035,296,298,76,0,3,0.004361628,-1.663076e-10,33.858643,47.95452,120.08078,0.8678922,-0.15354499,0.47242677,0,0,5.04835201630631e-05,0,0,0
"299",298,0.11280638,0.012111653,0.01957412,0.0625,297,299,76,0,4,0.0098588625,2.0861626e-09,33.9355,47.916977,120.119804,0.53247184,0.57061666,0.6251962,0,0,5.19864755220077e-05,0,0,0
"300",299,0.15560347,0.009330943,0.018743293,0.0325,298,300,76,0,3,0.049097624,-2.149206e-10,33.98152,47.97665,120.20658,0.3695712,-0.0054179262,0.9291866,0,0,4.25618231914362e-05,0,0,0
"301",300,0.075294964,0.006412585,0.011546942,0.045,299,4294967295,76,0,3,0.2851866,-1.3969839e-09,34.097775,48.009212,120.44994,-0.8807322,-0.23431812,0.4115893,0,0,9.7270706954952e-06,0,0,0
"302",301,0.3596931,0.017363628,0.017745946,0.0675,274,302,152,0,4,0.17036998,1.5866978e-09,33.379982,47.879215,119.424675,-0.813298,0.27270782,-0.51398116,0,0,0.000340692776286445,0,0,0
"303",302,0.11076378,0.017063187,0.017063187,0.11,301,4294967295,152,0,4,0.21961568,4.868277e-10,33.09193,47.985554,119.23957,-0.59305567,-0.02655319,-0.8047235,0,0,0.000101313645311616,0,0,0
"304",303,0.20519452,0.02118403,0.020566316,0.11,275,304,105,0,4,0.020099195,-3.9792876e-09,33.430397,47.96804,119.57434,0.7249234,0.67753583,-0.12422265,0,0,0.000289289583653358,0,0,0
"305",304,0.17081645,0.01997788,0.01700549,0.095,303,305,105,0,3,0.045808487,-3.6810954e-05,33.583378,48.1,119.54619,0.6219278,0.7459829,-0.23814997,0,0,0.000214179729074479,0,0,0
"306",305,0.1278694,0.017798785,0.013748667,0.075,304,306,105,0,3,0.028284654,-2.7939678e-10,33.708435,48.212692,119.50852,0.44012272,0.8058127,-0.39617908,0,0,0.000127261551651421,0,0,0
"307",306,0.19419336,0.01502682,0.01705588,0.1275,305,307,105,0,4,0.01142144,0.0001195304,33.74924,48.307743,119.42442,0.698141,0.6581658,0.28181008,0,0,0.000137758503792839,0,0,0
"308",307,0.1393653,0.010995687,0.02192427,0.085,306,308,105,0,3,0.0114690885,-0.0005025787,33.884087,48.435913,119.48012,-0.2747868,0.96102846,-0.030273356,0,0,5.29357736218224e-05,0,0,0
"309",308,0.057594996,0.007353723,0.021123111,0.045,307,4294967295,105,0,3,0.14887343,3.62181e-10,33.860012,48.635162,119.51333,-0.7887042,0.44157633,-0.4277336,0,0,9.78473704275988e-06,0,0,0
"310",309,0.041513637,0.0050000004,0.005,0.05,291,4294967295,107,0,0,0.021907631,0.005,33.478603,47.935703,119.8282,-0.9945279,0.102273814,0.02131853,0,0,3.2604739472506e-06,0,0,0
"311",310,0.01,0.006486258,0.005,0.05,299,311,109,0,3,0.0038161254,0.005,34.018353,47.98056,120.28357,0.35562187,0.39395127,0.84754676,0,0,1.32171649919387e-06,0,0,0
"312",311,0.12412422,0.005200073,0.008734702,0.0375,310,4294967295,109,0,3,0.006709964,-6.829699e-10,34.00972,47.99639,120.29163,0.52550185,0.102955215,0.84454006,0,0,1.05444828773911e-05,0,0,0
"313",312,0.14027153,0.0152258035,0.02270947,0.1275,294,313,176,0,4,0.013285022,-4.01747e-10,33.615093,47.95058,120.064735,-0.5035715,-0.040384714,0.8630091,0,0,0.00010215975623013,0,0,0
"314",313,0.01,0.005,0.005,0.05,312,4294967295,176,0,3,0.14625697,0.005,33.54305,47.94182,120.20716,-0.20702197,0.2682501,0.9408421,0,0,7.85398163397448e-07,0,0,0
"315",314,0.070366465,0.011506069,0.017298874,0.0525,298,315,134,0,4,0.014522123,-2.6609218e-10,33.945225,47.91569,120.11269,0.8869061,-0.37547138,0.2691077,0,0,2.92664168979416e-05,0,0,0
"316",315,0.01,0.0067222677,0.005,0.05,314,316,134,0,3,0.04533238,0.005,33.98087,47.862377,120.12174,0.9839288,0.1711222,0.051002994,0,0,1.41965062952432e-06,0,0,0
"317",316,0.07507919,0.0052142,0.009998,0.03,315,4294967295,134,0,3,0.015365607,-1.5522043e-10,34.109028,47.871506,120.126076,0.98075867,-0.039515086,-0.19118328,0,0,6.41275756722324e-06,0,0,0
"318",317,0.12609307,0.0050000004,0.005,0.05,299,4294967295,135,0,0,0.14220048,0.005,33.981472,47.98579,120.204704,0.07378714,0.97687024,-0.20069858,0,0,9.9033281440469e-06,0,0,0
"319",318,0.06469031,0.0050000004,0.005,0.05,300,4294967295,137,0,0,0.028118128,0.005,34.1005,48.009575,120.455734,0.5474056,0.052305155,0.83523136,0,0,5.0807658792836e-06,0,0,0
"320",319,0.19327885,0.010863979,0.014306928,0.0475,304,320,124,0,4,0.025613066,3.9213582e-10,33.589108,48.08498,119.55805,0.6402209,-0.551662,0.53458977,0,0,7.16658144023319e-05,0,0,0
"321",320,0.01,0.010493217,0.005,0.05,319,321,124,0,3,0.00657138,0.005,33.724987,47.96496,119.65974,0.5146372,0.8303126,-0.21384467,0,0,3.45913236717735e-06,0,0,0
"322",321,0.15724684,0.009898543,0.009185658,0.0425,320,322,124,0,3,0.0038705263,-3.8348577e-10,33.747986,47.962322,119.65809,0.1606693,0.9586302,-0.23497552,0,0,4.84032304360374e-05,0,0,0
"323",322,0.13018051,0.008397243,0.009736518,0.03,321,323,124,0,3,0.016748773,0,33.71503,48.11658,119.59568,0.99240935,0.0803199,0.09312537,0,0,2.88382752932099e-05,0,0,0
"324",323,0.07123483,0.006431777,0.009614901,0.0325,322,4294967295,124,0,3,0.01083799,-4.298412e-10,33.845943,48.114796,119.600044,0.9758601,-0.09092962,0.19856715,0,0,9.25772383994579e-06,0,0,0
"325",324,0.24010262,0.011437029,0.009737892,0.0525,304,325,125,0,3,0.07732965,7.095791e-10,33.571182,48.11303,119.55516,-0.5476835,0.8179982,0.17584594,0,0,9.86672937299193e-05,0,0,0
"326",325,0.08211366,0.011072773,0.009816905,0.045,324,326,125,0,3,0.09255288,3.3631092e-10,33.436626,48.310627,119.59982,-0.11423606,0.8157263,-0.5670456,0,0,3.16284621554085e-05,0,0,0
"327",326,0.09508296,0.010225305,0.011791499,0.0325,325,327,125,0,3,0.14733805,9.313226e-10,33.410862,48.372864,119.549675,0.26282793,0.9477873,-0.1806123,0,0,3.1232382000687e-05,0,0,0
"328",327,0.05728637,0.0094069075,0.005,0.05,326,328,125,0,3,0.07999111,0.005,33.435852,48.462982,119.5325,0.2539741,-0.046612974,-0.96608716,0,0,1.59255677308874e-05,0,0,0
"329",328,0.070283264,0.008745664,0.014044879,0.035,327,329,125,0,3,0.1775593,6.652304e-10,33.4504,48.46031,119.47716,0.5817849,0.6191268,-0.52745456,0,0,1.68883558464537e-05,0,0,0
"330",329,0.081321605,0.0067616533,0.012842685,0.04,328,4294967295,125,0,3,0.29994237,-3.4924597e-10,33.48637,48.501316,119.43171,0.82292074,0.5571356,-0.111361444,0,0,1.16805047876988e-05,0,0,0
"331",330,0.15754811,0.010445902,0.03289002,0.05,307,331,128,0,4,0.03567691,-0.0005260608,33.889946,48.437874,119.48921,-0.0033171677,-0.15999886,0.9871116,0,0,5.40076107033464e-05,0,0,0
"332",331,0.07484356,0.010445902,0.011313461,0.0575,330,332,128,0,3,0.038623862,-6.2763045e-10,33.889145,48.3808,119.62515,0.2865474,0.16152059,0.94435257,0,0,2.5656428706968e-05,0,0,0
"333",332,0.06630206,0.006758166,0.006758166,0.025,331,4294967295,128,0,3,0.0124797,3.4924597e-10,33.92781,48.392544,119.69067,0.07939847,0.18946317,0.97867244,0,0,9.51337475473546e-06,0,0,0
"334",333,0.040185712,0.0072822757,0.005,0.05,304,334,178,0,3,0.0037381062,0.005,33.59291,48.083683,119.5397,0.5066238,-0.7258096,-0.46533072,0,0,6.69508004800567e-06,0,0,0
"335",334,0.12395715,0.0072739166,0.005,0.05,333,335,178,0,3,0.011836131,0.005,33.61327,48.054516,119.521,0.3962194,-0.5621238,-0.7259663,0,0,2.06043106806364e-05,0,0,0
"336",335,0.11148955,0.0070966,0.013558808,0.0275,334,336,178,0,3,0.016295902,8.466569e-10,33.662384,47.984837,119.431015,0.46813974,-0.16495408,-0.86812174,0,0,1.76394357591622e-05,0,0,0
"337",336,0.018122006,0.006506816,0.005,0.05,335,337,178,0,4,0.12629378,0.005,33.717308,47.95272,119.33831,0.8093757,-0.255548,-0.5287781,0,0,2.41042262091156e-06,0,0,0
"338",337,0.08572018,0.0059026224,0.010334344,0.04,336,4294967295,178,0,3,0.026407542,-8.440111e-10,33.865578,47.888783,119.24354,0.47666597,0.73688716,-0.47936097,0,0,9.38259456463146e-06,0,0,0
"339",338,0.103698075,0.0050000004,0.005,0.05,306,4294967295,141,0,0,0.2889376,0.005,33.75383,48.29497,119.41797,0.39159313,-0.82122356,-0.41502616,0,0,8.14442906839358e-06,0,0,0
"340",339,0.16098572,0.0050000004,0.005,0.05,308,4294967295,144,0,0,0.04007161,0.005,33.85397,48.631004,119.513855,-0.93747985,-0.3359601,-0.09089737,0,0,1.26437909051279e-05,0,0,0
"341",340,0.1908831,0.0050000004,0.005,0.05,308,4294967295,147,0,0,0.49673834,0.005,33.858223,48.637894,119.50674,-0.37486866,0.4218921,-0.8255184,0,0,1.4991926015069e-05,0,0,0
"342",341,0.08928361,0.009923607,0.012619148,0.0325,331,342,179,0,3,0.12550609,1.0029628e-09,33.879147,48.381767,119.62802,-0.7767517,-0.58538365,0.2323419,0,0,2.7622356623619e-05,0,0,0
"343",342,0.10020583,0.009923607,0.010241722,0.045,341,4294967295,179,0,3,0.12392587,-4.656613e-10,33.823368,48.318443,119.645584,-0.7742395,-0.5042188,0.38251346,0,0,3.10014477688093e-05,0,0,0
"344",343,0.03986579,0.005574663,0.005,0.05,336,344,130,0,4,0.0150536485,0.005,33.72113,47.95508,119.34302,0.7371841,0.38705993,0.5538449,0,0,3.8921313158075e-06,0,0,0
"345",344,0.06375383,0.0061814752,0.01179577,0.055,343,4294967295,130,0,3,0.009746146,-1.2699854e-10,33.824276,48.07529,119.45052,-0.009035054,0.36726597,-0.93007207,0,0,7.65315334221716e-06,0,0,0
"346",345,0.1604596,0.0050000004,0.005,0.05,337,4294967295,131,0,0,0.1139185,0.005,33.86306,47.88454,119.24678,-0.3750994,-0.7367905,0.5625302,0,0,1.26024695303438e-05,0,0,0
"347",346,0.2764137,0.012840093,0.032104254,0.1275,20,347,30,0,4,0.020322887,-0.00025522942,33.24557,47.798042,119.84472,0.010640325,0.28270695,0.9591473,0,0,0.000143167939864276,0,0,0
"348",347,0.11633374,0.012840093,0.024305075,0.0325,346,348,30,0,3,0.021908464,2.2924864e-09,33.308212,47.880875,120.11344,-0.6126011,-0.06269635,0.78790164,0,0,6.02548350262898e-05,0,0,0
"349",348,0.073213525,0.012840093,0.033542242,0.065,347,349,30,0,4,0.2736235,2.2208462e-09,33.19141,47.84027,120.237755,-0.0066692764,0.9050417,0.4252706,0,0,3.79208032903278e-05,0,0,0
"350",349,0.11704499,0.012840093,0.029488051,0.06,348,4294967295,30,0,4,0.3252538,1.8626451e-09,33.254284,47.913578,120.25489,0.45983654,0.5370789,0.7071751,0,0,6.06232255844585e-05,0,0,0
"351",350,0.2652114,0.0050000004,0.005,0.05,16,4294967295,31,0,0,0.019019805,0.005,33.262325,47.63045,119.17643,-0.36422175,-0.9299723,-0.049939893,0,0,2.08296579799515e-05,0,0,0
"352",351,0.17419988,0.012840093,0.03047398,0.045,20,4294967295,78,0,4,0.30250996,1.8626451e-09,33.233646,47.8065,119.84315,-0.9543538,-0.28590542,-0.08641106,0,0,9.02264900191422e-05,0,0,0
"353",352,0.20085976,0.078289114,0.080229506,0.305,0,353,149,0,4,0.035278223,0.00024507224,33.87184,47.874516,116.150795,0.62857306,0.65428805,-0.42047945,0,5.17338392301116,0.00386763577265914,0,0.000200087647263377,0.000200087647263377
"354",353,0.4433055,0.07271784,0.07271784,0.2575,352,4294967295,149,0,3,0.03614287,-0.0008374557,34.20753,47.83914,116.01043,-0.98889184,-0.039747052,-0.14322363,0,4.56079915176989,0.00736435868010031,0,0.000335873608215307,0.000335873608215307
"355",354,0.08286812,0.026759073,0.005,0.05,352,355,3,0,3,0.08723502,0.005,33.798603,47.87256,116.1232,-0.89060724,0.011600404,-0.45462537,0,0,0.000186414412985305,0,0,0
"356",355,0.21412963,0.008933373,0.045790516,0.0675,354,4294967295,3,0,4,0.02442673,1.3797371e-09,33.784733,47.963047,116.11952,-0.12288716,-0.3976463,-0.9092724,0,0,5.36855707578069e-05,0,0,0
