"","X..i.."
"AM3_iron_ranges_boundary_lower.0021",0
"AM3_iron_ranges_boundary_lower.0037",9.94246526492513
"AM3_iron_ranges_boundary_lower.0068",2.26564910363779
"AM3_iron_ranges_boundary_lower.0113",4.41527317894046
"AM3_iron_ranges_boundary_lower.0132",2.4628359780191
"AM3_iron_ranges_boundary_lower.0134",1.82369857089574
"AM3_iron_ranges_boundary_lower.0177",3.93912568321603
"AM3_iron_ranges_boundary_lower.0185",0.305684114009627
"AM3_iron_ranges_boundary_lower.0186",4.46692752469934
"AM3_iron_ranges_boundary_lower.0196",0
"AM3_iron_ranges_boundary_lower.0199",9.64189391060858
"AM3_iron_ranges_boundary_lower.0209",5.90754950881804
"AM3_iron_ranges_boundary_lower.0219",0.601724977990474
"AM3_iron_ranges_boundary_lower.0240",0.071637733374439
"AM3_iron_ranges_boundary_lower.0241",8.55095611577722
"AM3_iron_ranges_boundary_lower.0271",0
"AM3_iron_ranges_boundary_lower.0299",0
"AM3_iron_ranges_boundary_lower.0302",2.59824281506516
"AM3_iron_ranges_boundary_lower.0316",0.780967564485562
"AM3_iron_ranges_boundary_lower.0359",0
"AM3_iron_ranges_boundary_lower.0367",0.843131226913195
"AM3_iron_ranges_boundary_lower.0385",0
"AM3_iron_ranges_boundary_lower.0582",0.189488295115656
"AM3_iron_ranges_boundary_lower.0622",0
"AM3_iron_ranges_boundary_lower.0758",3.08369668615947
"AM3_iron_ranges_boundary_lower.0808",0.886205968232821
"AM3_iron_ranges_boundary_lower.0848",0
"AM3_iron_ranges_boundary_lower.1760",0.0891332567924005
"AM3_iron_ranges_boundary_lower.1973",1.05762363517242
"Firebreak_upper.0083",7.67735139747251
"Firebreak_upper.0281",2.53212604581141
"Firebreak_upper.0362",0.0253734124859114
"Firebreak_upper.0456",1.93195647769939
"Firebreak_upper.0689",0.155010121211952
"Firebreak_upper.0700",27.6260357550317
"Firebreak_upper.0704",0.294324694303019
"Firebreak_upper.0705",0
