,length,radius,unmodradius,surfacecoverage,parent,extension,branch,added,numlayers,meanpointdist,mad,x,y,z,dx,dy,dz
0,0.37768325,0.04584586,0.04584586,0.3875,4294967295,1,0,0,4,0.0039369864,0.00080014317,-40.896275,-18.571665,139.12276,0.0004942618,-0.02770349,0.9996161
1,0.17980237,0.04392499,0.04392499,0.4575,0,2,0,0,4,0.0077253934,-0.00045251285,-40.90333,-18.600557,139.49979,0.041986577,0.15746558,0.98663145
2,0.17279668,0.046527386,0.046527386,0.6525,1,3,0,0,4,0.007347186,-0.00013448192,-40.908413,-18.573584,139.67793,0.048258614,0.07532406,0.9959907
3,0.14007004,0.041884456,0.041884456,0.5125,2,4,0,0,3,0.0015783611,5.7111567e-05,-40.9027,-18.560331,139.85014,-0.032735523,-0.03525469,0.998842
4,0.12768541,0.04188782,0.04188782,0.5175,3,5,0,0,3,0.0018828793,2.7041711e-05,-40.907967,-18.563597,139.99008,-0.02177942,-0.015505513,0.99964255
5,0.14961453,0.040645417,0.040645417,0.6175,4,6,0,0,4,0.004520817,0.00015168598,-40.908966,-18.578325,140.11757,-0.03345185,0.19971673,0.9792825
6,0.15709198,0.043239024,0.043239024,0.485,5,7,0,0,4,0.002581491,-0.00025483902,-40.921024,-18.553865,140.26495,-0.11682652,0.045385316,0.9921148
7,0.1570309,0.043094575,0.043740414,0.585,6,8,0,0,4,0.0031683086,9.854924e-05,-40.941536,-18.549938,140.4207,-0.07251357,0.041953415,0.9964847
8,0.15917963,0.040198978,0.035054956,0.475,7,9,0,0,4,0.010531148,0.00014126883,-40.951065,-18.534323,140.57693,-0.0065903016,-0.054963116,0.9984666
9,0.16631353,0.040863983,0.039532084,0.645,8,10,0,0,4,0.0027758598,0.000119017815,-40.9645,-18.546434,140.73561,-0.1241568,0.04089628,0.9914195
10,0.12503348,0.040803757,0.03960053,0.495,9,11,0,0,3,0.0030498747,3.249859e-05,-40.982742,-18.536861,140.90068,-0.14327218,0.080178715,0.9864301
11,0.15628175,0.04019101,0.03916696,0.5175,10,12,0,0,4,0.007331982,8.626721e-05,-41.002083,-18.511734,141.02258,0.03180506,-0.02378667,0.999211
12,0.14742197,0.04041698,0.04160641,0.4475,11,13,0,0,4,0.012537602,0.00050301047,-40.999798,-18.503115,141.17912,-0.15611017,-0.014257699,0.9876368
13,0.11603072,0.03825244,0.03734793,0.4625,12,14,0,0,3,0.011184302,6.028106e-05,-41.005856,-18.500656,141.32747,-0.25015816,-0.073791556,0.9653889
14,0.16482168,0.036644284,0.035006683,0.47,13,15,0,0,4,0.012225387,2.7678625e-05,-41.045086,-18.505363,141.43713,-0.42395893,0.14138907,0.89457697
15,0.1623279,0.035042487,0.03256577,0.4425,14,16,0,0,4,0.0043503568,-6.353251e-05,-41.101585,-18.477757,141.59024,-0.32479277,0.021361453,0.94554394
16,0.16085751,0.033334136,0.03098286,0.53,15,17,0,0,4,0.0035681608,0.00011813743,-41.154564,-18.473494,141.74362,-0.22512421,0.008003731,0.97429717
17,0.12149326,0.032422043,0.030568384,0.34,16,18,0,0,3,0.004678199,7.6654505e-05,-41.188625,-18.472775,141.90085,-0.21539322,-0.050221786,0.97523516
18,0.16901392,0.031184055,0.023291426,0.075,17,4294967295,0,0,3,0.027362028,-1.5211602e-09,-41.14421,-18.459532,142.03592,0.81927985,-0.49728045,-0.28546932
19,0.1403335,0.0050000004,0.005,0.05,0,4294967295,1,0,0,0.020524865,0.005,-40.852116,-18.559341,139.12308,0.78860843,0.1840023,0.5867197
20,0.20236386,0.03156761,0.03334806,0.19,0,21,3,0,4,0.012464574,-0.00048378576,-40.899307,-18.600866,139.08754,0.18130589,0.15180457,-0.97163963
21,0.072758645,0.023165757,0.023165757,0.06,20,4294967295,3,0,3,0.0058335876,-4.268562e-10,-40.861404,-18.569338,138.89148,0.05552281,-0.49999365,-0.8642474
22,0.19934028,0.0050000004,0.005,0.05,0,4294967295,4,0,0,0.016378546,0.005,-40.89415,-18.617443,139.12149,0.08640179,-0.7916815,0.6047934
23,0.15801734,0.010559886,0.009740367,0.0475,1,24,5,0,3,0.010793366,2.450849e-10,-40.9471,-18.603445,139.5021,-0.7067762,-0.20556065,0.6769138
24,0.111975804,0.008989548,0.015132078,0.0675,23,25,5,0,3,0.0039823516,-4.1392115e-10,-41.05784,-18.631048,139.61221,-0.41340494,-0.63889545,0.6487749
25,0.11848295,0.0060484977,0.0060484977,0.0575,24,4294967295,5,0,3,0.0066427854,6.073843e-11,-41.11341,-18.699339,139.68214,-0.4615643,-0.36534604,0.8083815
26,0.114708506,0.01060209,0.0070081386,0.0425,2,27,6,0,3,0.009204458,-8.217552e-11,-40.927013,-18.602146,139.64627,-0.14645755,-0.98398256,-0.10162903
27,0.10363253,0.00937421,0.013450684,0.07,26,28,6,0,4,0.005273242,-0.00034295119,-40.946835,-18.71296,139.64008,0.24655233,-0.7640619,0.5961722
28,0.12030491,0.0072111273,0.010351483,0.0425,27,4294967295,6,0,3,0.004768622,-2.7391842e-10,-40.950912,-18.783632,139.72502,0.9298539,-0.36664626,0.0306939
29,0.09700995,0.0050000004,0.005,0.05,28,4294967295,41,0,0,0.011728995,0.005,-40.94829,-18.776937,139.72559,0.9479927,0.31102324,0.06763512
30,0.1436877,0.0050000004,0.005,0.05,1,4294967295,7,0,0,0.051572252,0.005,-40.928726,-18.565014,139.4952,-0.49396196,0.85082734,0.1791495
31,0.11795101,0.015014569,0.011737497,0.1525,3,32,9,0,4,0.017299224,-1.4351528e-09,-40.936935,-18.544796,139.83168,-0.44783095,0.3725564,0.81280327
32,0.15232481,0.014539046,0.012291222,0.195,31,33,9,0,4,0.004735742,-5.5809654e-05,-40.978527,-18.49841,139.927,-0.22824351,-0.09789378,0.9686701
33,0.15311779,0.013556738,0.013064852,0.175,32,34,9,0,4,0.005497395,2.3416111e-09,-40.99743,-18.505754,140.07906,-0.25486493,-0.29617146,0.9205033
34,0.15715733,0.011937381,0.012570088,0.185,33,35,9,0,4,0.005395433,-4.710379e-05,-41.03007,-18.55711,140.21983,-0.14738633,-0.71395713,0.6845017
35,0.121840686,0.010172878,0.018063257,0.1525,34,36,9,0,4,0.0087331785,1.5878286e-09,-41.0457,-18.673424,140.32474,-0.41725364,-0.665815,0.61853856
36,0.07375735,0.008364664,0.023022592,0.075,35,4294967295,9,0,3,0.015578833,1.8626452e-10,-41.10222,-18.75054,140.40059,-0.6874046,-0.6449687,0.33390144
37,0.18311518,0.010383721,0.009387557,0.0675,34,38,42,0,3,0.007366751,9.063292e-05,-41.03771,-18.549473,140.22491,-0.8193732,0.36937624,0.4383934
38,0.101656936,0.011340512,0.016443163,0.0875,37,4294967295,42,0,4,0.016153766,5.3218433e-11,-41.192863,-18.485315,140.29459,-0.49735907,0.49034184,0.7156807
39,0.13437103,0.0066098166,0.005383446,0.0425,35,40,43,0,3,0.019016778,-8.217552e-11,-41.03915,-18.667522,140.31966,0.9775282,-0.11669415,-0.17555933
40,0.09967116,0.0065489816,0.005106681,0.0525,39,41,43,0,3,0.0025850954,2.5412714e-05,-40.90826,-18.682966,140.29454,0.89554393,-0.43701684,-0.08376998
41,0.082735255,0.006453672,0.0056521697,0.0375,40,42,43,0,3,0.0018424027,1.5522044e-11,-40.815296,-18.720678,140.29529,0.7729885,-0.5610333,-0.29619315
42,0.09331153,0.0063183196,0.0062097963,0.0475,41,43,43,0,3,0.0028789781,5.882037e-10,-40.752804,-18.767479,140.26752,0.87141913,-0.4733421,-0.12874758
43,0.10004333,0.0060943333,0.0053764065,0.065,42,44,43,0,3,0.0039484645,2.6865074e-11,-40.67111,-18.81074,140.25475,0.8098908,-0.54006064,-0.22893523
44,0.1710436,0.0058377576,0.014012005,0.075,43,45,43,0,4,0.013614639,7.937572e-06,-40.6163,-18.90132,140.22533,0.98793316,0.09749531,-0.12034421
45,0.08294277,0.0055178623,0.009174284,0.045,44,4294967295,43,0,3,0.018920148,-6.9849193e-10,-40.45493,-18.82066,140.19412,0.9240237,0.08759161,-0.37216663
46,0.096368335,0.007946431,0.0247515,0.0475,36,47,44,0,3,0.01483455,1.5685433e-09,-41.099316,-18.751307,140.39278,-0.5121449,-0.4965684,-0.7008049
47,0.19698901,0.007946431,0.017740123,0.0475,46,4294967295,44,0,3,0.029586324,-8.823056e-10,-41.15378,-18.777903,140.30022,0.7909645,-0.5481367,-0.27188495
48,0.13280907,0.0050000004,0.005,0.05,36,4294967295,45,0,0,0.025148151,0.005,-41.096992,-18.752972,140.40665,0.34884286,-0.52106696,0.7789723
49,0.12586325,0.007203974,0.005231666,0.0375,38,50,84,0,3,0.043653645,-1.2417635e-10,-41.196033,-18.4952,140.29915,-0.76482916,-0.48687202,0.4218911
50,0.1057822,0.0055368156,0.008517892,0.065,49,4294967295,84,0,3,0.018087352,-7.5222206e-10,-41.28504,-18.565876,140.35242,-0.905548,-0.3865465,0.17482764
51,0.14571448,0.0050000004,0.005,0.05,45,4294967295,85,0,0,0.034749627,0.005,-40.453697,-18.826027,140.19447,0.7524705,-0.6371508,-0.16681425
52,0.12932234,0.0050000004,0.005,0.05,47,4294967295,86,0,0,0.06016234,0.005,-41.159042,-18.783855,140.30042,-0.61732554,-0.7863025,0.025249938
53,0.16071732,0.005,0.0034307365,0.025,3,54,10,0,3,0.007510397,-1.8626452e-10,-40.867428,-18.537827,139.8521,0.6798781,0.3507743,0.6439901
54,0.09742227,0.005,0.0024210957,0.0275,53,55,10,0,3,0.0037594805,1.5874817e-10,-40.755188,-18.485018,139.95372,0.49799,0.39559627,0.7716927
55,0.10345664,0.0052842866,0.0057460708,0.045,54,56,10,0,3,0.002469333,7.761022e-11,-40.69895,-18.44545,140.02339,0.25146994,0.39726353,0.8825784
56,0.10435887,0.005106281,0.0066532604,0.045,55,4294967295,10,0,3,0.0103855785,-4.1392115e-10,-40.666706,-18.404675,140.11307,0.13758793,0.5693962,0.8104675
57,0.12802212,0.0050000004,0.005,0.05,7,4294967295,12,0,0,0.032631204,0.005,-40.956272,-18.51519,140.3999,-0.2720184,0.82564986,-0.4942755
58,0.18432392,0.012356914,0.008145473,0.06,7,59,13,0,3,0.011847722,-9.313226e-10,-40.963234,-18.512838,140.41756,-0.13654968,0.9003214,0.4132501
59,0.14502786,0.0106296735,0.011818851,0.0925,58,60,13,0,4,0.013579825,-2.5050984e-05,-41.00227,-18.34601,140.48376,-0.06262793,0.8971496,0.43726444
60,0.14585976,0.009107745,0.01812459,0.0675,59,4294967295,13,0,4,0.014215031,-5.5189486e-10,-41.005775,-18.196733,140.50865,-0.12728755,0.50471723,0.8538492
61,0.12972088,0.0050000004,0.005,0.05,58,4294967295,46,0,0,0.027968671,0.005,-40.97545,-18.514025,140.4161,-0.99075,0.13487504,-0.014938737
62,0.13048686,0.0050000004,0.005,0.05,60,4294967295,81,0,0,0.03130133,0.005,-41.0001,-18.202461,140.51288,0.49262786,-0.20763691,0.8451063
63,0.13445534,0.0050000004,0.005,0.05,7,4294967295,14,0,0,0.021262238,0.005,-40.906837,-18.524422,140.42215,0.67056,0.48923784,0.5576699
64,0.123238035,0.005,0.0030258556,0.0275,8,65,15,0,3,0.019254979,-1.2699854e-10,-40.97615,-18.561594,140.56134,-0.59010506,-0.7796048,0.2097436
65,0.07493516,0.005060562,0.0063044163,0.0325,64,4294967295,15,0,3,0.0043370537,2.507407e-10,-41.051132,-18.649052,140.59111,-0.22663637,-0.65745926,0.7185981
66,0.15482934,0.01764867,0.012966098,0.1575,9,67,16,0,4,0.01847158,7.681684e-05,-40.964325,-18.510101,140.7169,0.06117635,0.8220741,0.56608444
67,0.1488788,0.017520247,0.018835569,0.2,66,68,16,0,4,0.016930874,0.0008029241,-40.97169,-18.38194,140.80539,0.2445956,0.50920266,0.8251579
68,0.15426727,0.01654954,0.020999849,0.1825,67,69,16,0,4,0.009334884,-0.0003291882,-40.943085,-18.307575,140.93144,0.10556318,0.5895737,0.80078655
69,0.11033855,0.0141361095,0.038166337,0.0325,68,4294967295,16,0,3,0.0359844,3.4387295e-09,-40.960346,-18.194239,141.04292,-0.4655209,0.82353806,0.32415327
70,0.21085413,0.0050000004,0.005,0.05,69,4294967295,47,0,0,0.068934046,0.005,-40.955143,-18.1964,141.0559,0.3870164,-0.11161638,0.9152923
71,0.16333033,0.0050000004,0.005,0.05,69,4294967295,48,0,0,0.10304707,0.005,-40.950592,-18.192707,141.05304,0.51382583,0.39529553,0.7613964
72,0.19930474,0.0050000004,0.005,0.05,9,4294967295,17,0,0,0.17010097,0.005,-40.925888,-18.559635,140.73781,0.95011073,-0.3076663,0.051295258
73,0.15544318,0.008534178,0.007923411,0.035,11,74,19,0,3,0.029503632,3.0028292e-05,-40.969376,-18.534979,141.02031,0.78280187,-0.5837761,-0.21546808
74,0.08613193,0.008426893,0.003906491,0.045,73,75,19,0,3,0.005192545,-5.1740143e-11,-40.855522,-18.631216,140.98048,0.69454014,-0.6457115,-0.3172864
75,0.09157271,0.008209268,0.0059394673,0.055,74,76,19,0,3,0.0049041193,4.1274523e-10,-40.797432,-18.688135,140.95201,0.7582929,-0.6046181,-0.24378015
76,0.10441223,0.0078626,0.009586341,0.06,75,77,19,0,3,0.0026175221,-6.9849193e-10,-40.721867,-18.73548,140.92885,0.61382395,-0.7886438,-0.03551199
77,0.10950824,0.007290629,0.008486117,0.04,76,78,19,0,3,0.005084022,5.2386895e-10,-40.65086,-18.813269,140.94351,0.4305581,-0.77549225,-0.46177006
78,0.09622169,0.0065837316,0.010237833,0.05,77,79,19,0,3,0.0038974676,-1.0710209e-09,-40.610287,-18.898918,140.88803,0.7298226,-0.6473414,-0.2197912
79,0.1078712,0.005742726,0.009390275,0.0375,78,4294967295,19,0,3,0.022229716,-1.5211602e-09,-40.543644,-18.956966,140.8425,0.5686796,-0.7552394,0.32590953
80,0.084142014,0.0050000004,0.005,0.05,78,4294967295,49,0,0,0.019095484,0.005,-40.61265,-18.900038,140.89407,-0.25338522,-0.17633599,0.951158
81,0.14189963,0.0047500003,0.005,0.05,80,4294967295,87,0,0,0.017357746,0.005,-40.609585,-18.896383,140.89557,0.48101872,0.54598165,0.6859483
82,0.10476551,0.012173888,0.0078059128,0.0375,12,83,20,0,3,0.04703486,6.2088175e-11,-40.961838,-18.512953,141.16933,0.8514891,-0.4688743,0.23478307
83,0.09716952,0.011641195,0.0072429264,0.0575,82,84,20,0,3,0.004986987,-1.2682984e-05,-40.87597,-18.559278,141.2016,0.6947299,-0.4709885,0.5436177
84,0.07836846,0.010727062,0.016209107,0.0775,83,85,20,0,3,0.0054201544,2.403413e-09,-40.814976,-18.605387,141.26245,0.7520509,-0.353829,0.55607957
85,0.16028403,0.008942679,0.0072171763,0.055,84,86,20,0,3,0.0061563575,-6.4141444e-05,-40.729027,-18.564009,141.31348,-0.039340753,-0.9990481,-0.01884929
86,0.09390622,0.0065405276,0.007865308,0.0675,85,4294967295,20,0,3,0.010077002,9.65816e-10,-40.732616,-18.724297,141.31306,-0.087541305,-0.9758723,-0.20002477
87,0.09041527,0.0050000004,0.005,0.05,86,4294967295,50,0,0,0.019717395,0.005,-40.72935,-18.720617,141.31737,0.57999766,0.5289467,0.6195305
88,0.11394185,0.0050000004,0.005,0.05,84,4294967295,82,0,0,0.022781072,0.005,-40.822807,-18.612532,141.26082,-0.6879668,-0.7074518,-0.16190606
89,0.13785762,0.0050000004,0.005,0.05,84,4294967295,75,0,0,0.014512865,0.005,-40.81025,-18.609226,141.25362,0.5856074,-0.3847277,-0.7134764
90,0.21223938,0.020365315,0.018169103,0.22,13,91,21,0,4,0.025705395,0.00032318875,-40.9727,-18.482744,141.33403,0.603642,0.19427621,0.77322257
91,0.15164353,0.01966153,0.016731864,0.2425,90,92,21,0,4,0.005940037,-1.8010593e-05,-40.84909,-18.441664,141.49928,0.50776756,-0.031218208,0.86092824
92,0.1631679,0.018708395,0.020357555,0.3675,91,93,21,0,4,0.00476559,0.0001116158,-40.77045,-18.443146,141.62898,0.35968545,0.0694823,0.930483
93,0.16701274,0.016024504,0.015916752,0.25,92,94,21,0,4,0.016446587,4.2840838e-09,-40.71176,-18.431808,141.7808,-0.080376625,0.5777912,0.8122173
94,0.08625432,0.01362815,0.008561096,0.055,93,95,21,0,3,0.005628185,-7.1965833e-10,-40.725185,-18.33531,141.91646,-0.17893903,-0.112577684,0.9773981
95,0.08599775,0.011829865,0.008519091,0.0475,94,96,21,0,3,0.0044600056,-9.8033956e-11,-40.744602,-18.348995,142.00034,-0.35689718,0.12940982,0.9251365
96,0.10275338,0.009761882,0.008531507,0.0625,95,97,21,0,3,0.00452697,6.146729e-10,-40.766914,-18.334803,142.0827,-0.37295562,0.16548374,0.91297275
97,0.12529276,0.006995234,0.011212237,0.0525,96,4294967295,21,0,3,0.038651425,-1.1308917e-09,-40.81609,-18.333193,142.17487,-0.28114086,0.50297236,0.81729966
98,0.13158864,0.008244755,0.010379079,0.04,91,99,51,0,3,0.013804106,2.6193447e-10,-40.861694,-18.435247,141.48563,-0.68012416,0.6511201,-0.33685875
99,0.0990404,0.0073106093,0.010348383,0.05,98,100,51,0,3,0.003545973,1.8626452e-10,-40.94583,-18.349844,141.451,-0.6837078,0.7247472,-0.08535274
100,0.09459017,0.005,0.0027888566,0.0475,99,101,51,0,3,0.009211505,2.4508489e-11,-41.016407,-18.280993,141.44063,-0.5632304,0.8206686,-0.0963049
101,0.026390456,0.0051005734,0.0067600403,0.04,100,4294967295,51,0,3,0.10291035,-2.3283064e-10,-41.073948,-18.211464,141.38744,0.25382695,-0.4552551,-0.8534136
102,0.13256398,0.010058425,0.0099497475,0.045,91,103,52,0,3,0.0059520295,-1.0348029e-10,-40.844875,-18.424028,141.49168,0.5598712,0.8278646,-0.034416422
103,0.089912154,0.008999379,0.008041326,0.0375,102,104,52,0,3,0.022290967,3.1044087e-10,-40.770657,-18.314283,141.48712,0.10704316,0.83515304,0.53950095
104,0.087785475,0.008280171,0.01197525,0.0425,103,4294967295,52,0,3,0.0072092745,-1.4791594e-09,-40.761032,-18.239193,141.53563,0.27285233,0.95484805,0.1175447
105,0.16476592,0.0050000004,0.005,0.05,91,4294967295,53,0,0,0.037924394,0.005,-40.8588,-18.457972,141.50443,-0.14877617,-0.7601222,0.6325187
106,0.24716398,0.0050000004,0.005,0.05,92,4294967295,54,0,0,0.073459916,0.005,-40.778786,-18.459297,141.6334,-0.36035004,-0.85978246,0.3618317
107,0.13466102,0.0050000004,0.005,0.05,93,4294967295,55,0,0,0.028634934,0.005,-40.72084,-18.42149,141.77257,-0.51999146,0.7775227,-0.3536486
108,0.13199963,0.010857541,0.013288332,0.125,93,109,56,0,3,0.006863992,3.9115547e-10,-40.6996,-18.439707,141.78763,0.5096392,-0.6473299,0.5667731
109,0.10486923,0.009296266,0.0076179006,0.05,108,110,56,0,3,0.0036358098,-8.614734e-10,-40.64062,-18.526741,141.86656,0.23906144,-0.96075636,0.14070141
110,0.09680732,0.008447306,0.0076891435,0.0625,109,111,56,0,3,0.0035075732,4.0978193e-10,-40.616955,-18.627998,141.88026,0.362093,-0.8993414,0.2450994
111,0.11226247,0.0077318596,0.009068289,0.055,110,4294967295,56,0,3,0.02882438,8.466569e-10,-40.59332,-18.717884,141.9105,0.4902998,-0.86489713,0.10751324
112,0.12357109,0.0050000004,0.005,0.05,94,4294967295,58,0,0,0.019926528,0.005,-40.71913,-18.32315,141.91757,0.5080044,0.8577668,0.07853447
113,0.07980366,0.011238372,0.020142553,0.0275,95,114,83,0,3,0.043526407,6.7732553e-10,-40.73578,-18.356874,142.0003,0.9447874,-0.24868487,-0.21338381
114,0.09018248,0.009669387,0.009669387,0.045,113,4294967295,83,0,3,0.012706992,-2.8457078e-10,-40.653206,-18.337849,142.04195,0.384674,0.92065424,0.06649522
115,0.1224324,0.0050000004,0.005,0.05,97,4294967295,76,0,0,0.097384825,0.005,-40.82226,-18.336483,142.17477,-0.9110476,-0.36697397,0.18794252
116,0.111149915,0.0048455447,0.005,0.05,101,4294967295,88,0,0,0.019441009,0.005,-41.07705,-18.207468,141.38809,-0.54967374,0.8244077,0.13494737
117,0.12566133,0.0050000004,0.005,0.05,15,4294967295,23,0,0,0.033897683,0.005,-41.069485,-18.466663,141.59886,0.92840725,0.2933546,0.22804156
118,0.1049178,0.0050000004,0.005,0.05,16,4294967295,24,0,0,0.013736556,0.005,-41.15966,-18.506424,141.74272,-0.07453577,-0.99641603,0.039994806
119,0.17484814,0.029624851,0.030004798,0.37,18,120,80,0,4,0.012015316,-6.5481106e-07,-41.172913,-18.464125,142.02463,-0.42824987,-0.19537304,0.8822877
120,0.1523718,0.029428428,0.029298758,0.47,119,121,80,0,4,0.002401207,2.892258e-05,-41.252884,-18.49229,142.17882,-0.22331627,-0.13272546,0.9656676
121,0.14893603,0.028980928,0.028383004,0.455,120,122,80,0,4,0.0023365933,2.3307592e-05,-41.288826,-18.516651,142.32495,-0.24365638,-0.18536122,0.95198363
122,0.15078956,0.028596949,0.02830372,0.5675,121,123,80,0,4,0.0028729562,-5.590104e-05,-41.32171,-18.544367,142.46759,-0.18804117,-0.16012466,0.9690204
123,0.17074527,0.028341945,0.028883547,0.5525,122,124,80,0,4,0.0035503537,6.835643e-05,-41.348263,-18.568829,142.614,-0.17401758,-0.22452043,0.95880574
124,0.15793173,0.027987031,0.034983877,0.5025,123,125,80,0,4,0.010803341,0.00017434199,-41.395313,-18.608858,142.77417,-0.0016424782,-0.15506926,0.9879023
125,0.14785512,0.0271526,0.031776436,0.37,124,126,80,0,4,0.013098924,0.00028406963,-41.374756,-18.635,142.92996,-0.26326564,-0.26587147,0.92736375
126,0.15104893,0.025262011,0.023749018,0.39,125,127,80,0,4,0.0051627094,6.243563e-06,-41.438976,-18.662188,143.06337,-0.13905245,-0.13751191,0.980691
127,0.15170886,0.024455205,0.02452048,0.4025,126,128,80,0,4,0.0036436825,4.167949e-05,-41.464886,-18.685608,143.21043,-0.17515907,-0.11557833,0.97773254
128,0.21729168,0.023234297,0.02321176,0.3925,127,129,80,0,4,0.009143978,-4.537639e-06,-41.4899,-18.789091,143.34888,-0.033531297,0.8443479,0.53474516
129,0.1760021,0.021568734,0.019264663,0.385,128,130,80,0,4,0.005623694,5.0230352e-05,-41.462875,-18.594646,143.44989,-0.687656,0.59560585,0.41519016
130,0.16546579,0.020415524,0.020639313,0.3375,129,131,80,0,4,0.005936398,-3.5715177e-05,-41.575386,-18.476454,143.5179,-0.8749336,0.40907544,0.2591303
131,0.15694486,0.018636465,0.018385084,0.3275,130,132,80,0,4,0.0029778334,-1.0008903e-05,-41.718334,-18.402695,143.55736,-0.899564,0.27931207,0.33581132
132,0.1412521,0.01737755,0.021154232,0.2325,131,133,80,0,4,0.0077604577,-8.849033e-05,-41.85689,-18.340637,143.60194,-0.7994676,-0.33464864,0.49886045
133,0.09654763,0.015964866,0.019824997,0.23,132,134,80,0,3,0.0064471946,-1.7614145e-09,-41.96521,-18.392637,143.67662,-0.8200911,-0.2591924,0.5101665
134,0.16256784,0.014593797,0.02090113,0.13,133,135,80,0,4,0.03066067,1.6835446e-09,-42.03756,-18.412935,143.73926,-0.92493033,-0.26999134,-0.26759788
135,0.12469252,0.0130217625,0.021701075,0.12,134,136,80,0,4,0.009710769,-0.00013752654,-42.191048,-18.457748,143.70747,-0.89086324,-0.45422706,-0.006363309
136,0.1609252,0.011602242,0.027228488,0.115,135,137,80,0,3,0.009036695,-2.3080602e-09,-42.30213,-18.514387,143.70668,-0.77253896,-0.5305605,0.34883964
137,0.082729526,0.009147045,0.010692815,0.0825,136,4294967295,80,0,3,0.13180995,-2.427083e-09,-42.426453,-18.599768,143.76282,-0.59518677,-0.78683317,0.16323687
138,0.19730607,0.018459395,0.014825581,0.19,124,139,26,0,4,0.010795717,2.4876117e-09,-41.40521,-18.582993,142.77821,-0.22040655,0.93402106,0.28111503
139,0.16681944,0.018090857,0.014820438,0.2775,138,140,26,0,4,0.008457705,-8.431861e-05,-41.436752,-18.39705,142.83821,-0.2900707,0.9483495,0.12842232
140,0.17789187,0.017614525,0.017284822,0.3225,139,141,26,0,4,0.011766873,0.00010730986,-41.49439,-18.241522,142.85849,-0.10241612,0.9941933,0.033023622
141,0.1895868,0.016420577,0.016719116,0.2675,140,142,26,0,4,0.004792528,-3.9878152e-05,-41.524708,-18.065592,142.85478,0.059558492,0.98889226,-0.13617969
142,0.15932742,0.014829904,0.01540312,0.2175,141,143,26,0,4,0.005212879,-9.1730044e-08,-41.530308,-17.877823,142.82367,0.31845924,0.9479316,0.0030646406
143,0.17488174,0.0132310055,0.014386086,0.17,142,144,26,0,4,0.0047986587,-7.4168354e-05,-41.44592,-17.738123,142.8326,-0.63395154,0.71432155,-0.29639518
144,0.12893008,0.011563473,0.014777601,0.1625,143,145,26,0,4,0.036898915,0.0002044394,-41.5584,-17.618635,142.77112,-0.5501469,0.73237526,-0.40120426
145,0.1360919,0.010041494,0.02503393,0.075,144,146,26,0,4,0.021414407,0.0005678235,-41.62977,-17.527119,142.71468,-0.5954477,0.60612726,-0.5273061
146,0.12974973,0.007616897,0.008184783,0.0675,145,4294967295,26,0,3,0.016932389,6.898686e-11,-41.74169,-17.436157,142.68753,-0.066062756,0.8853056,-0.46029305
147,0.16800676,0.010711177,0.011599045,0.0625,125,148,27,0,3,0.007982949,-1.3411046e-09,-41.358547,-18.615715,142.9401,0.31265634,0.8844519,0.3463969
148,0.0961421,0.00910083,0.00910083,0.04,147,4294967295,27,0,3,0.004882144,-7.566996e-10,-41.28195,-18.467142,143.00597,-0.18390614,0.94837636,-0.2583812
149,0.17269772,0.007038579,0.009435138,0.0325,125,150,28,0,3,0.02894455,-1.432804e-10,-41.349583,-18.629677,142.93863,0.53346825,0.53235275,0.6572764
150,0.100414604,0.005,0.002495572,0.0425,149,4294967295,28,0,3,0.037154373,1.1504573e-09,-41.24383,-18.5456,143.05872,0.36511678,0.6971827,-0.61694896
151,0.099963814,0.0050000004,0.005,0.05,126,4294967295,29,0,0,0.023052458,0.005,-41.451313,-18.683367,143.05725,-0.41030473,-0.8761715,-0.25292966
152,0.21701619,0.017691238,0.017075105,0.205,128,153,30,0,4,0.019623563,-2.3850943e-09,-41.49713,-18.80111,143.3674,-0.10379773,-0.034575805,0.9939973
153,0.14326435,0.016812464,0.014247562,0.265,152,154,30,0,4,0.013435423,1.7835706e-09,-41.513493,-18.810583,143.5818,0.39855266,-0.5968704,0.69634885
154,0.12859379,0.015302728,0.013544805,0.2,153,155,30,0,4,0.0038893407,5.447099e-06,-41.448044,-18.89877,143.67522,0.27459997,-0.42764398,0.8612291
155,0.15337199,0.012925403,0.013416822,0.2475,154,156,30,0,4,0.0041169757,-3.32837e-06,-41.407253,-18.95442,143.78389,0.208031,-0.3560454,0.91101855
156,0.12563843,0.01032068,0.020427305,0.1275,155,157,30,0,3,0.009896101,0.00034525443,-41.38863,-18.98188,143.93726,0.26181588,-0.94916224,0.17476657
157,0.07444272,0.00723685,0.007313138,0.0375,156,4294967295,30,0,3,0.028186854,-8.692344e-10,-41.375954,-19.145166,143.93161,-0.53751826,-0.5550217,-0.6348426
158,0.1323312,0.0050000004,0.005,0.05,132,4294967295,32,0,0,0.023610596,0.005,-41.865288,-18.325836,143.59842,-0.57402986,0.8110157,-0.1128861
159,0.07851353,0.0050000004,0.005,0.05,133,4294967295,33,0,0,0.0140268905,0.005,-41.956482,-18.39411,143.68991,0.49120945,-0.13091631,0.861147
160,0.21474303,0.011022129,0.012366346,0.03,136,161,36,0,3,0.014189328,1.5522043e-10,-42.2988,-18.523458,143.70026,-0.05529936,-0.84703237,-0.5286569
161,0.21322502,0.008572545,0.010691169,0.035,160,162,36,0,3,0.09717305,6.6523044e-11,-42.310677,-18.705353,143.58673,-0.0742097,-0.41956747,-0.9046856
162,0.086969815,0.0077034933,0.008685952,0.045,161,163,36,0,3,0.0031406307,1.0606729e-09,-42.3265,-18.794815,143.39383,0.103741266,-0.6541664,-0.7492023
163,0.09690484,0.006810954,0.006810954,0.03,162,4294967295,36,0,3,0.005177443,-7.761022e-11,-42.3145,-18.8271,143.3076,0.04070382,-0.9851584,0.16675182
164,0.15887168,0.0050000004,0.005,0.05,136,4294967295,37,0,0,0.016684765,0.005,-42.29594,-18.524136,143.70557,0.4328016,-0.90103173,-0.028717376
165,0.20223527,0.008689693,0.011923204,0.03,137,166,38,0,3,0.021724792,-1.7850349e-09,-42.428783,-18.593773,143.76932,-0.3960595,0.5014358,0.7692197
166,0.022985898,0.008689693,0.010775172,0.05,165,167,38,0,3,0.006208239,8.8475643e-10,-42.44842,-18.433224,143.97989,-0.7569352,-0.59562385,-0.2688522
167,0.07195196,0.008689693,0.010974936,0.0425,166,4294967295,38,0,3,0.010502268,6.026205e-10,-42.469864,-18.442608,143.97556,0.8754213,0.30712909,0.37324163
168,0.09370047,0.0050000004,0.005,0.05,137,4294967295,39,0,0,0.029154094,0.005,-42.41941,-18.604343,143.76645,0.766274,-0.5207626,0.37633815
169,0.15503678,0.0072360523,0.009294263,0.03,146,170,61,0,3,0.02601438,5.820766e-10,-41.73911,-17.43961,142.68124,-0.059421346,-0.19207981,-0.97957873
170,0.117163725,0.006556978,0.007145589,0.0625,169,171,61,0,3,0.0026027309,-5.5879353e-11,-41.74985,-17.472038,142.52965,-0.6994583,0.32988465,-0.6339828
171,0.11398688,0.006174604,0.006174604,0.05,170,4294967295,61,0,3,0.02477466,-2.6775523e-10,-41.83521,-17.45293,142.44896,-0.49432787,0.6585126,-0.56745136
172,0.17738639,0.012384589,0.012287462,0.1525,143,173,90,0,4,0.022028727,-9.2707305e-05,-41.452133,-17.738798,142.84425,-0.5703561,0.18107224,0.8011909
173,0.090787776,0.012569455,0.015627084,0.12,172,4294967295,90,0,3,0.013318515,-8.537124e-10,-41.5484,-17.6972,142.98882,-0.5831222,-0.3107422,0.7506049
174,0.09901955,0.0050000004,0.005,0.05,144,4294967295,77,0,0,0.03397846,0.005,-41.565044,-17.627329,142.77486,-0.5052513,-0.79279953,0.34086645
175,0.09554772,0.0072360523,0.023183562,0.0275,146,176,79,0,3,0.013692829,1.3546511e-09,-41.741516,-17.432634,142.69427,-0.33935845,0.8572394,0.3872679
176,0.0897507,0.0072360523,0.009808728,0.045,175,4294967295,79,0,3,0.008437877,-7.761022e-11,-41.736443,-17.302425,142.69771,-0.36157522,0.80909204,0.46328554
177,0.1775885,0.005,0.017713442,0.285,150,178,91,0,4,0.040515974,-1.2051525e-05,-41.24473,-18.55044,143.0596,0.38278326,-0.5518459,0.7409069
178,0.13058692,0.005,0.026830677,0.3375,177,179,91,0,4,0.025777157,0.00025900197,-41.174786,-18.650558,143.18956,0.35030958,0.07219731,0.9338473
179,0.16836976,0.005,0.012805471,0.1575,178,180,91,0,4,0.014276072,8.647995e-10,-41.138935,-18.644688,143.31549,0.6452392,0.5183279,0.5612509
180,0.11611678,0.005,0.013290292,0.1275,179,181,91,0,3,0.007091111,-0.00013150963,-41.03695,-18.550089,143.41087,0.7587884,0.32188633,0.5662414
181,0.1876125,0.005,0.019963553,0.1025,180,182,91,0,4,0.02576555,0.00048118635,-40.955257,-18.526844,143.49326,0.73147434,0.6813844,0.025700726
182,0.089599065,0.005,0.009812366,0.0675,181,183,91,0,3,0.022918856,8.635223e-06,-40.83303,-18.383268,143.50787,0.74314994,0.64922905,0.16195603
183,0.098685965,0.005,0.007713066,0.0825,182,184,91,0,3,0.0043178224,5.221051e-10,-40.771004,-18.319107,143.51929,0.6952086,0.7002337,0.16235062
184,0.17122586,0.005,0.011320388,0.115,183,185,91,0,4,0.048205372,-8.166337e-05,-40.692654,-18.261108,143.54149,0.5770195,0.8086627,-0.11451275
185,0.122828946,0.005,0.009107988,0.1125,184,186,91,0,4,0.0044619734,3.3113692e-10,-40.59165,-18.124605,143.51915,0.6915149,0.6895739,-0.21516283
186,0.103474505,0.005,0.007895235,0.0525,185,4294967295,91,0,3,0.066479035,2.2174347e-11,-40.498634,-18.046701,143.4969,0.48571032,0.6572481,-0.57629025
187,0.15133521,0.0059624985,0.0058142184,0.0525,153,188,67,0,3,0.007257406,-6.8740474e-10,-41.527813,-18.817085,143.57585,-0.6869899,-0.6732143,-0.27354568
188,0.08672591,0.005,0.004067432,0.0325,187,189,67,0,3,0.0035335692,-1.432804e-10,-41.63265,-18.918428,143.53757,-0.781092,-0.61853856,-0.085471526
189,0.09842123,0.0051129553,0.0069767167,0.04,188,4294967295,67,0,3,0.023000706,-5.820766e-11,-41.69118,-18.983294,143.52722,-0.9140508,-0.39578637,-0.088680334
190,0.12712903,0.0067350003,0.0074700466,0.05,154,191,69,0,3,0.016999409,9.313226e-11,-41.45553,-18.88605,143.67926,0.18462999,0.8059596,0.5624418
191,0.07575578,0.005359143,0.005359143,0.03,190,4294967295,69,0,3,0.015950723,4.850638e-10,-41.43349,-18.7884,143.75597,0.71454024,0.57324356,0.40102878
192,0.09727691,0.0068750074,0.008438156,0.0325,157,193,70,0,3,0.23785667,7.16402e-11,-41.36907,-19.1466,143.9299,0.6107317,-0.41250077,-0.6759068
193,0.08304918,0.005,0.0031621153,0.0275,192,194,70,0,3,0.08955491,6.7732553e-10,-41.312157,-19.189108,143.86581,-0.20389655,-0.18630421,-0.96110195
194,0.09510871,0.0068750074,0.007763384,0.0375,193,195,70,0,3,0.0035854771,-7.4505807e-10,-41.335567,-19.222555,143.79085,0.1670131,-0.021779085,-0.98571414
195,0.08132879,0.00509365,0.0067481366,0.0375,194,4294967295,70,0,3,0.011616993,0.00046125695,-41.321877,-19.22733,143.6968,0.3924042,-0.1669805,-0.904509
196,0.18658666,0.0098046465,0.017991593,0.17,156,197,92,0,4,0.018477513,2.7117921e-09,-41.39673,-18.982952,143.94356,-0.1362022,-0.58939856,0.7962779
197,0.14887698,0.009402858,0.00862144,0.0525,196,198,92,0,3,0.0047021206,-9.503321e-05,-41.44678,-19.082104,144.09163,-0.4252418,-0.8969768,-0.120838776
198,0.10625023,0.008681594,0.007890506,0.0575,197,199,92,0,3,0.06606074,-1.2147686e-10,-41.50947,-19.215286,144.06882,-0.48275116,-0.8647227,-0.13858542
199,0.13460197,0.007419267,0.016095366,0.065,198,200,92,0,4,0.007484302,-1.1104231e-09,-41.56558,-19.299353,144.02213,-0.42173612,-0.84225357,0.33577916
200,0.11830504,0.005802864,0.018114585,0.0425,199,4294967295,92,0,3,0.049007274,-6.574042e-10,-41.604645,-19.427717,144.05194,-0.5060143,-0.34621012,0.7899924
201,0.17486006,0.010471023,0.022395303,0.035,160,202,93,0,3,0.009775784,-9.313226e-10,-42.309715,-18.522203,143.69939,-0.7747633,-0.39720964,-0.49190074
202,0.096107446,0.008152906,0.008152906,0.0325,201,4294967295,93,0,3,0.038699016,-3.223809e-10,-42.43979,-18.619802,143.63007,-0.39434007,-0.7500797,-0.53092027
203,0.1729119,0.00475,0.005,0.05,179,4294967295,65,0,0,0.027934045,0.005,-41.137817,-18.64951,143.31479,0.27806324,-0.9503767,-0.13951698
